date,nav
2002-01-02,10.0
2002-01-03,10.002
2002-01-04,10.003
2002-01-07,9.973
2002-01-08,9.925
2002-01-09,9.914
2002-01-10,9.876
2002-01-11,9.866
2002-01-14,9.761
2002-01-15,9.816
2002-01-16,9.767
2002-01-17,9.857
2002-01-18,9.791
2002-01-21,9.766
2002-01-22,9.732
2002-01-23,9.996
2002-01-24,9.834
2002-01-25,9.919
2002-01-28,9.957
2002-01-29,9.77
2002-01-30,9.775
2002-02-01,9.823
2002-02-04,9.647
2002-02-05,9.596
2002-02-06,9.551
2002-02-07,9.572
2002-02-08,9.626
2002-02-11,9.663
2002-02-12,9.666
2002-02-13,9.752
2002-02-14,9.795
2002-02-15,9.701
2002-02-18,9.702
2002-02-19,9.541
2002-02-20,9.59
2002-02-21,9.573
2002-02-22,9.557
2002-02-25,9.683
2002-02-26,9.697
2002-02-27,9.766
2002-02-28,9.758
2002-03-01,9.87
2002-03-05,9.966
2002-03-06,10.008
2002-03-07,9.989
2002-03-08,10.077
2002-03-11,10.081
2002-03-12,10.055
2002-03-13,9.975
2002-03-14,9.946
2002-03-15,10.026
2002-03-18,10.042
2002-03-19,10.072
2002-03-20,9.948
2002-03-21,9.944
2002-03-22,9.953
2002-03-25,9.867
2002-03-26,9.892
2002-03-27,9.946
2002-03-28,9.974
2002-04-02,9.874
2002-04-03,9.841
2002-04-04,9.81
2002-04-05,9.827
2002-04-08,9.82
2002-04-09,9.8
2002-04-10,9.841
2002-04-11,9.665
2002-04-12,9.717
2002-04-15,9.691
2002-04-16,9.79
2002-04-17,9.762
2002-04-18,9.725
2002-04-19,9.729
2002-04-23,9.973
2002-04-24,9.636
2002-04-26,9.636
2002-04-29,9.461
2002-04-30,9.498
2002-05-02,9.521
2002-05-03,9.437
2002-05-06,9.321
2002-05-08,9.492
2002-05-09,9.445
2002-05-10,9.353
2002-05-13,9.43
2002-05-14,9.553
2002-05-15,9.531
2002-05-16,9.532
2002-05-17,9.494
2002-05-20,9.425
2002-05-21,9.399
2002-05-22,9.349
2002-05-23,9.41
2002-05-24,9.351
2002-05-27,9.358
2002-05-28,9.275
2002-05-29,9.245
2002-05-30,9.19
2002-05-31,9.218
2002-06-03,9.13
2002-06-04,9.064
2002-06-05,9.102
2002-06-06,9.006
2002-06-07,8.993
2002-06-10,9.008
2002-06-11,8.993
2002-06-12,8.929
2002-06-13,8.868
2002-06-14,8.815
2002-06-17,8.957
2002-06-18,8.939
2002-06-19,8.832
2002-06-20,8.721
2002-06-21,8.638
2002-06-24,8.561
2002-06-25,8.593
2002-06-26,8.481
2002-06-27,8.59
2002-06-28,8.639
2002-07-01,8.573
2002-07-02,8.45
2002-07-03,8.434
2002-07-04,8.479
2002-07-05,8.694
2002-07-08,8.604
2002-07-09,8.492
2002-07-10,8.354
2002-07-11,8.274
2002-07-12,8.271
2002-07-15,8.114
2002-07-16,8.051
2002-07-17,8.137
2002-07-18,8.073
2002-07-19,7.862
2002-07-22,7.713
2002-07-23,7.638
2002-07-24,7.751
2002-07-25,7.797
2002-07-26,7.924
2002-07-29,8.251
2002-07-30,8.227
2002-07-31,8.292
2002-08-01,8.114
2002-08-02,8.032
2002-08-05,7.945
2002-08-06,8.062
2002-08-07,8.092
2002-08-08,8.283
2002-08-09,8.32
2002-08-12,8.242
2002-08-13,8.201
2002-08-19,8.499
2002-08-20,8.418
2002-08-22,8.573
2002-08-23,8.461
2002-08-26,8.469
2002-08-27,8.432
2002-08-28,8.276
2002-08-29,8.214
2002-08-30,8.234
2002-09-02,8.181
2002-09-03,7.912
2002-09-04,7.979
2002-09-05,7.947
2002-09-06,8.065
2002-09-09,8.087
2002-09-10,8.175
2002-09-11,8.23
2002-09-12,8.053
2002-09-13,8.002
2002-09-16,8.029
2002-09-17,7.972
2002-09-18,7.853
2002-09-19,7.715
2002-09-20,7.707
2002-09-23,7.605
2002-09-24,7.56
2002-09-25,7.645
2002-09-26,7.819
2002-09-27,7.712
2002-09-30,7.537
2002-10-01,7.688
2002-10-02,7.678
2002-10-03,7.633
2002-10-04,7.552
2002-10-07,7.477
2002-10-08,7.525
2002-10-09,7.424
2002-10-10,7.541
2002-10-11,7.72
2002-10-14,7.719
2002-10-15,7.994
2002-10-16,7.897
2002-10-17,8.079
2002-10-21,8.107
2002-10-22,8.047
2002-10-23,8.008
2002-10-24,8.008
2002-10-25,8.05
2002-10-28,8.014
2002-10-29,7.892
2002-10-30,7.958
2002-10-31,7.945
2002-11-04,8.051
2002-11-05,8.074
2002-11-06,8.092
2002-11-07,7.941
2002-11-08,7.869
2002-11-11,7.789
2002-11-12,7.837
2002-11-13,7.827
2002-11-14,7.97
2002-11-15,7.999
2002-11-18,7.97
2002-11-19,7.935
2002-11-20,8.01
2002-11-21,8.171
2002-11-22,8.169
2002-11-25,8.204
2002-11-26,8.078
2002-11-27,8.226
2002-11-28,8.226
2002-11-29,8.216
2002-12-02,8.218
2002-12-03,8.102
2002-12-04,8.061
2002-12-05,7.991
2002-12-06,7.974
2002-12-09,7.873
2002-12-10,7.909
2002-12-11,7.93
2002-12-12,7.859
2002-12-13,7.756
2002-12-16,7.883
2002-12-17,7.796
2002-12-18,7.716
2002-12-19,7.69
2002-12-20,7.741
2002-12-23,7.753
2002-12-27,7.578
2002-12-30,7.59
2003-01-02,7.832
2003-01-03,7.815
2003-01-07,7.847
2003-01-08,7.789
2003-01-09,7.827
2003-01-10,7.814
2003-01-13,7.815
2003-01-14,7.839
2003-01-15,7.746
2003-01-16,7.733
2003-01-17,7.632
2003-01-20,7.595
2003-01-21,7.527
2003-01-22,7.449
2003-01-23,7.442
2003-01-24,7.316
2003-01-27,7.193
2003-01-28,7.23
2003-01-29,7.239
2003-01-30,7.256
2003-01-31,7.305
2003-02-04,7.206
2003-02-05,7.231
2003-02-06,7.162
2003-02-07,7.127
2003-02-10,7.138
2003-02-11,7.176
2003-02-12,7.113
2003-02-13,7.068
2003-02-14,7.146
2003-02-17,7.201
2003-02-18,7.303
2003-02-19,7.223
2003-02-20,7.159
2003-02-21,7.203
2003-02-24,7.142
2003-02-25,7.114
2003-02-26,7.055
2003-02-27,7.11
2003-02-28,7.144
2003-03-03,7.115
2003-03-04,7.003
2003-03-05,6.988
2003-03-06,6.939
2003-03-07,6.906
2003-03-10,6.796
2003-03-11,6.758
2003-03-12,6.725
2003-03-13,6.943
2003-03-14,7.067
2003-03-17,7.239
2003-03-18,7.254
2003-03-19,7.328
2003-03-20,7.326
2003-03-21,7.488
2003-03-24,7.265
2003-03-25,7.297
2003-03-26,7.298
2003-03-27,7.241
2003-03-28,7.195
2003-03-31,7.039
2003-04-01,7.094
2003-04-02,7.262
2003-04-03,7.279
2003-04-04,7.326
2003-04-07,7.416
2003-04-08,7.381
2003-04-09,7.33
2003-04-10,7.271
2003-04-11,7.294
2003-04-14,7.363
2003-04-15,7.427
2003-04-16,7.349
2003-04-17,7.397
2003-04-22,7.446
2003-04-23,7.515
2003-04-24,7.419
2003-04-28,7.442
2003-04-29,7.429
2003-04-30,7.389
2003-05-02,7.416
2003-05-05,7.391
2003-05-06,7.429
2003-05-07,7.386
2003-05-08,7.273
2003-05-09,7.324
2003-05-12,7.349
2003-05-13,7.346
2003-05-14,7.344
2003-05-15,7.393
2003-05-16,7.358
2003-05-19,7.168
2003-05-20,7.184
2003-05-21,7.163
2003-05-22,7.218
2003-05-23,7.178
2003-05-26,7.145
2003-05-27,7.209
2003-05-28,7.292
2003-05-29,7.261
2003-05-30,7.322
2003-06-03,7.405
2003-06-04,7.496
2003-06-05,7.429
2003-06-06,7.521
2003-06-09,7.433
2003-06-10,7.504
2003-06-11,7.551
2003-06-12,7.582
2003-06-13,7.493
2003-06-16,7.594
2003-06-17,7.644
2003-06-18,7.705
2003-06-19,7.616
2003-06-20,7.659
2003-06-23,7.609
2003-06-24,7.61
2003-06-25,7.558
2003-06-26,7.643
2003-06-27,7.611
2003-06-30,7.55
2003-07-01,7.508
2003-07-02,7.631
2003-07-03,7.614
2003-07-04,7.619
2003-07-07,7.799
2003-07-08,7.82
2003-07-09,7.769
2003-07-10,7.72
2003-07-11,7.763
2003-07-14,7.831
2003-07-15,7.815
2003-07-16,7.784
2003-07-17,7.72
2003-07-18,7.756
2003-07-21,7.622
2003-07-22,7.651
2003-07-23,7.623
2003-07-24,7.607
2003-07-25,7.645
2003-07-28,7.677
2003-07-29,7.632
2003-07-30,7.672
2003-07-31,7.754
2003-08-01,7.68
2003-08-04,7.645
2003-08-05,7.582
2003-08-06,7.556
2003-08-07,7.578
2003-08-08,7.644
2003-08-11,7.665
2003-08-12,7.724
2003-08-13,7.694
2003-08-18,7.853
2003-08-19,7.896
2003-08-20,7.862
2003-08-21,7.953
2003-08-22,7.96
2003-08-25,7.93
2003-08-26,7.935
2003-08-27,7.94
2003-08-28,7.961
2003-08-29,7.933
2003-09-01,7.962
2003-09-02,8.076
2003-09-03,8.144
2003-09-04,8.119
2003-09-05,8.026
2003-09-08,8.056
2003-09-09,7.976
2003-09-10,7.902
2003-09-11,7.925
2003-09-12,7.881
2003-09-15,7.874
2003-09-16,8.015
2003-09-17,7.992
2003-09-18,8.052
2003-09-19,7.981
2003-09-22,7.825
2003-09-23,7.842
2003-09-24,7.768
2003-09-25,7.705
2003-09-26,7.687
2003-09-29,7.689
2003-09-30,7.579
2003-10-01,7.676
2003-10-02,7.711
2003-10-03,7.808
2003-10-06,7.801
2003-10-07,7.776
2003-10-08,7.725
2003-10-09,7.804
2003-10-10,7.772
2003-10-13,7.874
2003-10-14,7.877
2003-10-15,7.896
2003-10-16,7.918
2003-10-17,7.922
2003-10-20,7.941
2003-10-21,7.942
2003-10-22,7.834
2003-10-23,7.819
2003-10-24,7.793
2003-10-27,7.832
2003-10-28,7.945
2003-10-29,7.954
2003-10-30,7.958
2003-10-31,7.983
2003-11-03,8.097
2003-11-04,8.073
2003-11-05,8.055
2003-11-06,8.096
2003-11-07,8.083
2003-11-10,8.033
2003-11-11,8.01
2003-11-12,8.022
2003-11-13,8.004
2003-11-14,7.957
2003-11-17,7.882
2003-11-18,7.817
2003-11-19,7.815
2003-11-20,7.8
2003-11-21,7.804
2003-11-24,7.978
2003-11-25,7.977
2003-11-26,7.946
2003-11-28,7.92
2003-12-01,8.011
2003-12-02,7.957
2003-12-03,7.974
2003-12-05,7.969
2003-12-09,7.944
2003-12-10,7.908
2003-12-11,7.996
2003-12-12,7.97
2003-12-15,7.959
2003-12-16,7.952
2003-12-17,7.934
2003-12-18,7.993
2003-12-19,8.011
2003-12-22,8.003
2003-12-23,8.024
2003-12-29,8.059
2004-01-02,8.072
2004-01-05,8.11
2004-01-07,8.1
2004-01-08,8.133
2004-01-09,8.059
2004-01-12,8.089
2004-01-13,8.076
2004-01-14,8.165
2004-01-15,8.189
2004-01-16,8.325
2004-01-19,8.341
2004-01-20,8.251
2004-01-21,8.273
2004-01-22,8.239
2004-01-26,8.323
2004-01-27,8.273
2004-01-28,8.234
2004-01-29,8.305
2004-01-30,8.266
2004-02-02,8.277
2004-02-03,8.234
2004-02-04,8.194
2004-02-05,8.167
2004-02-06,8.182
2004-02-09,7.996
2004-02-10,8.233
2004-02-11,8.272
2004-02-12,8.203
2004-02-13,8.198
2004-02-16,8.205
2004-02-17,8.253
2004-02-18,8.229
2004-02-19,8.298
2004-02-20,8.298
2004-02-23,8.301
2004-02-24,8.218
2004-02-25,8.285
2004-02-26,8.338
2004-02-27,8.352
2004-03-01,8.427
2004-03-02,8.476
2004-03-03,8.539
2004-03-05,8.458
2004-03-08,8.455
2004-03-09,8.403
2004-03-10,8.411
2004-03-11,8.278
2004-03-12,8.328
2004-03-15,8.24
2004-03-16,8.239
2004-03-17,8.393
2004-03-18,8.303
2004-03-19,8.28
2004-03-22,8.171
2004-03-23,8.2
2004-03-24,8.233
2004-03-25,8.347
2004-03-26,8.393
2004-03-29,8.445
2004-03-30,8.449
2004-03-31,8.414
2004-04-01,8.433
2004-04-02,8.584
2004-04-05,8.692
2004-04-06,8.651
2004-04-07,8.584
2004-04-08,8.614
2004-04-13,8.671
2004-04-14,8.617
2004-04-15,8.598
2004-04-16,8.593
2004-04-19,8.599
2004-04-20,8.611
2004-04-21,8.615
2004-04-22,8.673
2004-04-23,8.703
2004-04-26,8.693
2004-04-27,8.673
2004-04-28,8.632
2004-04-29,8.538
2004-04-30,8.458
2004-05-03,8.517
2004-05-04,8.486
2004-05-05,8.496
2004-05-06,8.45
2004-05-07,8.441
2004-05-10,8.319
2004-05-11,8.387
2004-05-12,8.362
2004-05-13,8.375
2004-05-14,8.352
2004-05-17,8.214
2004-05-18,8.275
2004-05-19,8.295
2004-05-20,8.318
2004-05-21,8.311
2004-05-24,8.353
2004-05-25,8.341
2004-05-26,8.382
2004-05-27,8.356
2004-05-28,8.371
2004-05-31,8.374
2004-06-01,8.364
2004-06-03,8.333
2004-06-04,8.368
2004-06-07,8.443
2004-06-08,8.475
2004-06-09,8.509
2004-06-10,8.534
2004-06-11,8.557
2004-06-14,8.45
2004-06-15,8.492
2004-06-16,8.56
2004-06-17,8.553
2004-06-18,8.522
2004-06-21,8.526
2004-06-22,8.511
2004-06-23,8.549
2004-06-24,8.531
2004-06-25,8.521
2004-06-28,8.516
2004-06-29,8.541
2004-06-30,8.517
2004-07-01,8.48
2004-07-02,8.39
2004-07-05,8.385
2004-07-06,8.343
2004-07-07,8.315
2004-07-08,8.276
2004-07-09,8.297
2004-07-12,8.295
2004-07-13,8.329
2004-07-14,8.284
2004-07-15,8.257
2004-07-16,8.23
2004-07-19,8.227
2004-07-20,8.258
2004-07-21,8.28
2004-07-22,8.235
2004-07-23,8.242
2004-07-26,8.199
2004-07-27,8.264
2004-07-28,8.285
2004-07-29,8.308
2004-07-30,8.336
2004-08-02,8.356
2004-08-03,8.327
2004-08-04,8.299
2004-08-05,8.248
2004-08-06,8.095
2004-08-09,8.075
2004-08-10,8.107
2004-08-11,8.13
2004-08-12,8.081
2004-08-13,8.033
2004-08-17,8.11
2004-08-18,8.171
2004-08-19,8.151
2004-08-20,8.183
2004-08-23,8.238
2004-08-24,8.27
2004-08-25,8.319
2004-08-26,8.34
2004-08-27,8.393
2004-08-30,8.352
2004-08-31,8.309
2004-09-01,8.329
2004-09-02,8.381
2004-09-03,8.41
2004-09-06,8.419
2004-09-07,8.449
2004-09-08,8.412
2004-09-09,8.38
2004-09-10,8.355
2004-09-13,8.403
2004-09-14,8.402
2004-09-15,8.413
2004-09-16,8.438
2004-09-17,8.449
2004-09-20,8.423
2004-09-21,8.417
2004-09-22,8.357
2004-09-23,8.31
2004-09-24,8.322
2004-09-27,8.27
2004-09-28,8.295
2004-09-29,8.321
2004-09-30,8.273
2004-10-01,8.376
2004-10-04,8.466
2004-10-05,8.452
2004-10-06,8.478
2004-10-07,8.438
2004-10-08,8.365
2004-10-11,8.384
2004-10-13,8.367
2004-10-14,8.282
2004-10-15,8.263
2004-10-18,8.259
2004-10-19,8.258
2004-10-20,8.204
2004-10-21,8.221
2004-10-22,8.184
2004-10-25,8.102
2004-10-26,8.152
2004-10-27,8.221
2004-10-28,8.265
2004-10-29,8.269
2004-11-02,8.321
2004-11-03,8.344
2004-11-04,8.364
2004-11-05,8.383
2004-11-08,8.358
2004-11-09,8.368
2004-11-10,8.367
2004-11-11,8.421
2004-11-12,8.466
2004-11-15,8.473
2004-11-16,8.42
2004-11-17,8.449
2004-11-18,8.467
2004-11-19,8.394
2004-11-22,8.394
2004-11-23,8.38
2004-11-24,8.379
2004-11-25,8.375
2004-11-26,8.365
2004-11-29,8.352
2004-11-30,8.325
2004-12-01,8.388
2004-12-02,8.423
2004-12-03,8.397
2004-12-06,8.362
2004-12-07,8.322
2004-12-09,8.378
2004-12-10,8.389
2004-12-13,8.422
2004-12-14,8.46
2004-12-15,8.433
2004-12-16,8.484
2004-12-17,8.455
2004-12-20,8.417
2004-12-21,8.46
2004-12-22,8.486
2004-12-23,8.452
2004-12-27,8.407
2004-12-28,8.445
2004-12-29,8.448
2004-12-30,8.449
2005-01-03,8.485
2005-01-04,8.494
2005-01-05,8.462
2005-01-07,8.574
2005-01-10,8.571
2005-01-11,8.524
2005-01-12,8.481
2005-01-13,8.485
2005-01-14,8.559
2005-01-17,8.577
2005-01-18,8.627
2005-01-19,8.591
2005-01-20,8.57
2005-01-21,8.529
2005-01-24,8.5
2005-01-25,8.553
2005-01-26,8.544
2005-01-27,8.565
2005-01-28,8.553
2005-01-31,8.592
2005-02-01,8.638
2005-02-02,8.656
2005-02-03,8.661
2005-02-04,8.735
2005-02-07,8.783
2005-02-08,8.802
2005-02-09,8.755
2005-02-10,8.738
2005-02-11,8.798
2005-02-14,8.781
2005-02-15,8.808
2005-02-16,8.781
2005-02-17,8.721
2005-02-18,8.734
2005-02-21,8.728
2005-02-22,8.607
2005-02-23,8.61
2005-02-24,8.634
2005-02-25,8.71
2005-02-28,8.669
2005-03-01,8.738
2005-03-02,8.764
2005-03-03,8.768
2005-03-04,8.78
2005-03-07,8.805
2005-03-08,8.722
2005-03-09,8.675
2005-03-10,8.636
2005-03-11,8.606
2005-03-14,8.636
2005-03-15,8.649
2005-03-16,8.561
2005-03-17,8.577
2005-03-18,8.616
2005-03-21,8.623
2005-03-22,8.579
2005-03-23,8.62
2005-03-24,8.639
2005-03-29,8.625
2005-03-30,8.651
2005-03-31,8.65
2005-04-01,8.657
2005-04-04,8.699
2005-04-05,8.737
2005-04-06,8.753
2005-04-07,8.768
2005-04-08,8.763
2005-04-11,8.718
2005-04-12,8.748
2005-04-13,8.718
2005-04-14,8.698
2005-04-18,8.476
2005-04-19,8.514
2005-04-20,8.458
2005-04-21,8.502
2005-04-22,8.515
2005-04-26,8.549
2005-04-27,8.531
2005-04-28,8.509
2005-04-29,8.559
2005-05-02,8.611
2005-05-03,8.596
2005-05-04,8.636
2005-05-05,8.649
2005-05-06,8.7
2005-05-09,8.716
2005-05-10,8.638
2005-05-11,8.677
2005-05-12,8.681
2005-05-13,8.678
2005-05-16,8.704
2005-05-17,8.72
2005-05-18,8.783
2005-05-19,8.832
2005-05-20,8.852
2005-05-23,8.874
2005-05-24,8.879
2005-05-25,8.851
2005-05-26,8.919
2005-05-27,8.922
2005-05-30,8.969
2005-05-31,8.995
2005-06-01,9.101
2005-06-03,9.079
2005-06-06,9.075
2005-06-07,9.105
2005-06-08,9.074
2005-06-09,9.143
2005-06-10,9.18
2005-06-13,9.23
2005-06-14,9.245
2005-06-15,9.226
2005-06-16,9.273
2005-06-17,9.241
2005-06-20,9.275
2005-06-21,9.288
2005-06-22,9.295
2005-06-23,9.296
2005-06-24,9.227
2005-06-27,9.159
2005-06-28,9.253
2005-06-29,9.265
2005-06-30,9.215
2005-07-01,9.303
2005-07-04,9.342
2005-07-05,9.37
2005-07-06,9.343
2005-07-07,9.293
2005-07-08,9.382
2005-07-11,9.373
2005-07-12,9.328
2005-07-13,9.384
2005-07-14,9.405
2005-07-15,9.427
2005-07-18,9.396
2005-07-19,9.462
2005-07-20,9.462
2005-07-21,9.407
2005-07-22,9.431
2005-07-25,9.439
2005-07-26,9.461
2005-07-27,9.491
2005-07-28,9.511
2005-07-29,9.458
2005-08-01,9.444
2005-08-02,9.502
2005-08-03,9.466
2005-08-04,9.386
2005-08-05,9.345
2005-08-08,9.344
2005-08-09,9.4
2005-08-10,9.433
2005-08-11,9.451
2005-08-12,9.425
2005-08-17,9.427
2005-08-18,9.463
2005-08-19,9.5
2005-08-22,9.493
2005-08-23,9.475
2005-08-24,9.414
2005-08-25,9.391
2005-08-26,9.335
2005-08-29,9.375
2005-08-30,9.405
2005-08-31,9.425
2005-09-01,9.4
2005-09-02,9.36
2005-09-05,9.39
2005-09-06,9.467
2005-09-07,9.497
2005-09-08,9.492
2005-09-09,9.543
2005-09-12,9.614
2005-09-13,9.566
2005-09-14,9.557
2005-09-15,9.599
2005-09-16,9.642
2005-09-19,9.662
2005-09-20,9.636
2005-09-21,9.567
2005-09-22,9.595
2005-09-23,9.632
2005-09-26,9.695
2005-09-27,9.691
2005-09-28,9.733
2005-09-29,9.774
2005-09-30,9.758
2005-10-03,9.824
2005-10-04,9.788
2005-10-05,9.68
2005-10-06,9.515
2005-10-07,9.522
2005-10-10,9.531
2005-10-11,9.569
2005-10-12,9.51
2005-10-13,9.509
2005-10-14,9.483
2005-10-17,9.503
2005-10-18,9.483
2005-10-19,9.467
2005-10-20,9.415
2005-10-21,9.406
2005-10-24,9.512
2005-10-25,9.465
2005-10-26,9.459
2005-10-27,9.37
2005-10-28,9.439
2005-10-31,9.587
2005-11-03,9.695
2005-11-04,9.786
2005-11-07,9.813
2005-11-08,9.825
2005-11-09,9.837
2005-11-10,9.859
2005-11-11,9.92
2005-11-14,9.899
2005-11-15,9.883
2005-11-16,9.889
2005-11-17,9.934
2005-11-18,9.981
2005-11-21,10.0
2005-11-22,10.029
2005-11-23,10.03
2005-11-24,10.026
2005-11-25,10.068
2005-11-28,9.995
2005-11-29,10.01
2005-11-30,9.954
2005-12-01,10.095
2005-12-02,10.142
2005-12-05,10.094
2005-12-06,10.107
2005-12-09,10.065
2005-12-12,10.035
2005-12-13,10.075
2005-12-14,10.048
2005-12-15,10.065
2005-12-16,10.046
2005-12-19,10.032
2005-12-20,10.098
2005-12-21,10.169
2005-12-22,10.167
2005-12-23,10.171
2005-12-27,10.13
2005-12-28,10.116
2005-12-29,10.153
2005-12-30,10.129
2006-01-02,10.127
2006-01-03,10.159
2006-01-04,10.174
2006-01-05,10.177
2006-01-09,10.282
2006-01-10,10.245
2006-01-11,10.273
2006-01-12,10.287
2006-01-13,10.258
2006-01-16,10.232
2006-01-17,10.192
2006-01-18,10.111
2006-01-19,10.17
2006-01-20,10.093
2006-01-23,10.007
2006-01-24,10.023
2006-01-25,10.044
2006-01-26,10.114
2006-01-27,10.246
2006-01-30,10.271
2006-01-31,10.239
2006-02-01,10.282
2006-02-02,10.231
2006-02-03,10.233
2006-02-06,10.26
2006-02-07,10.231
2006-02-08,10.235
2006-02-09,10.266
2006-02-10,10.276
2006-02-13,10.245
2006-02-14,10.312
2006-02-15,10.314
2006-02-16,10.379
2006-02-17,10.349
2006-02-20,10.332
2006-02-21,10.367
2006-02-22,10.419
2006-02-23,10.408
2006-02-24,10.46
2006-02-27,10.506
2006-02-28,10.394
2006-03-01,10.439
2006-03-02,10.385
2006-03-03,10.351
2006-03-06,10.331
2006-03-07,10.352
2006-03-08,10.319
2006-03-09,10.332
2006-03-10,10.393
2006-03-13,10.422
2006-03-14,10.434
2006-03-15,10.454
2006-03-16,10.392
2006-03-17,10.41
2006-03-20,10.418
2006-03-21,10.426
2006-03-22,10.465
2006-03-23,10.495
2006-03-24,10.505
2006-03-27,10.485
2006-03-28,10.416
2006-03-29,10.506
2006-03-30,10.47
2006-03-31,10.449
2006-04-03,10.502
2006-04-04,10.441
2006-04-05,10.47
2006-04-06,10.487
2006-04-07,10.502
2006-04-10,10.486
2006-04-11,10.496
2006-04-12,10.427
2006-04-13,10.418
2006-04-18,10.438
2006-04-19,10.433
2006-04-20,10.461
2006-04-21,10.478
2006-04-24,10.494
2006-04-26,10.446
2006-04-27,10.419
2006-04-28,10.382
2006-05-02,10.336
2006-05-03,10.376
2006-05-04,10.355
2006-05-05,10.338
2006-05-08,10.397
2006-05-09,10.428
2006-05-10,10.417
2006-05-11,10.379
2006-05-12,10.288
2006-05-15,10.144
2006-05-16,10.127
2006-05-17,10.096
2006-05-18,10.004
2006-05-19,9.914
2006-05-22,9.967
2006-05-23,9.968
2006-05-24,9.817
2006-05-25,9.817
2006-05-26,9.84
2006-05-29,10.019
2006-05-30,10.011
2006-05-31,9.819
2006-06-01,9.863
2006-06-05,9.862
2006-06-06,9.957
2006-06-07,9.81
2006-06-08,9.786
2006-06-09,9.75
2006-06-12,9.787
2006-06-13,9.733
2006-06-14,9.595
2006-06-15,9.604
2006-06-16,9.773
2006-06-19,9.766
2006-06-20,9.766
2006-06-21,9.758
2006-06-22,9.776
2006-06-23,9.775
2006-06-26,9.771
2006-06-27,9.845
2006-06-28,9.773
2006-06-29,9.819
2006-06-30,9.973
2006-07-03,9.933
2006-07-04,9.976
2006-07-05,9.992
2006-07-06,9.945
2006-07-07,9.954
2006-07-10,9.896
2006-07-11,9.949
2006-07-12,9.937
2006-07-13,9.903
2006-07-14,9.808
2006-07-17,9.767
2006-07-18,9.785
2006-07-19,9.77
2006-07-20,9.858
2006-07-21,9.819
2006-07-24,9.731
2006-07-25,9.869
2006-07-26,9.929
2006-07-27,9.935
2006-07-28,9.911
2006-07-31,9.983
2006-08-01,9.983
2006-08-02,9.943
2006-08-03,9.967
2006-08-04,9.958
2006-08-08,9.932
2006-08-09,9.9
2006-08-10,9.882
2006-08-11,9.928
2006-08-17,10.058
2006-08-18,10.07
2006-08-21,10.098
2006-08-22,10.031
2006-08-23,10.098
2006-08-24,10.077
2006-08-25,10.077
2006-08-28,10.089
2006-08-29,10.095
2006-08-30,10.138
2006-08-31,10.122
2006-09-01,10.142
2006-09-04,10.181
2006-09-05,10.187
2006-09-06,10.212
2006-09-07,10.127
2006-09-08,10.082
2006-09-11,10.133
2006-09-12,10.069
2006-09-13,10.147
2006-09-14,10.185
2006-09-15,10.156
2006-09-18,10.217
2006-09-19,10.21
2006-09-20,10.18
2006-09-21,10.21
2006-09-22,10.2
2006-09-25,10.11
2006-09-26,10.171
2006-09-27,10.269
2006-09-28,10.308
2006-09-29,10.336
2006-10-02,10.333
2006-10-03,10.29
2006-10-04,10.281
2006-10-05,10.371
2006-10-06,10.43
2006-10-09,10.459
2006-10-10,10.457
2006-10-11,10.517
2006-10-12,10.496
2006-10-13,10.57
2006-10-16,10.621
2006-10-17,10.652
2006-10-18,10.587
2006-10-19,10.633
2006-10-20,10.6
2006-10-23,10.613
2006-10-24,10.687
2006-10-25,10.691
2006-10-26,10.701
2006-10-27,10.696
2006-10-30,10.696
2006-10-31,10.621
2006-11-03,10.54
2006-11-06,10.57
2006-11-07,10.648
2006-11-08,10.641
2006-11-09,10.659
2006-11-10,10.604
2006-11-13,10.583
2006-11-14,10.611
2006-11-15,10.653
2006-11-16,10.684
2006-11-17,10.69
2006-11-20,10.66
2006-11-21,10.642
2006-11-22,10.658
2006-11-23,10.644
2006-11-24,10.635
2006-11-27,10.525
2006-11-28,10.406
2006-11-29,10.393
2006-11-30,10.496
2006-12-01,10.456
2006-12-04,10.388
2006-12-05,10.45
2006-12-06,10.493
2006-12-11,10.508
2006-12-12,10.565
2006-12-13,10.56
2006-12-14,10.597
2006-12-15,10.689
2006-12-18,10.748
2006-12-19,10.734
2006-12-20,10.668
2006-12-21,10.677
2006-12-22,10.667
2006-12-27,10.665
2006-12-28,10.637
2006-12-29,10.729
2007-01-02,10.679
2007-01-03,10.682
2007-01-04,10.709
2007-01-05,10.751
2007-01-08,10.736
2007-01-09,10.737
2007-01-10,10.76
2007-01-11,10.755
2007-01-12,10.853
2007-01-15,10.871
2007-01-16,10.915
2007-01-17,10.896
2007-01-18,10.889
2007-01-19,10.882
2007-01-22,10.919
2007-01-23,10.894
2007-01-24,10.881
2007-01-25,10.978
2007-01-26,10.894
2007-01-29,10.885
2007-01-30,10.87
2007-01-31,10.901
2007-02-01,10.897
2007-02-02,10.955
2007-02-05,10.992
2007-02-06,11.003
2007-02-07,11.018
2007-02-08,11.005
2007-02-09,10.955
2007-02-12,10.969
2007-02-13,10.942
2007-02-14,10.956
2007-02-15,10.983
2007-02-16,10.993
2007-02-19,11.0
2007-02-20,11.001
2007-02-21,11.0
2007-02-22,10.98
2007-02-23,11.003
2007-02-26,10.957
2007-02-27,10.967
2007-02-28,10.649
2007-03-01,10.627
2007-03-02,10.6
2007-03-05,10.527
2007-03-06,10.438
2007-03-07,10.559
2007-03-08,10.545
2007-03-09,10.639
2007-03-12,10.653
2007-03-13,10.64
2007-03-14,10.499
2007-03-15,10.418
2007-03-16,10.506
2007-03-19,10.506
2007-03-20,10.462
2007-03-21,10.656
2007-03-22,10.743
2007-03-23,10.767
2007-03-26,10.823
2007-03-27,10.787
2007-03-28,10.744
2007-03-29,10.674
2007-03-30,10.738
2007-04-02,10.748
2007-04-03,10.729
2007-04-04,10.811
2007-04-05,10.838
2007-04-10,10.824
2007-04-11,10.862
2007-04-12,10.827
2007-04-13,10.806
2007-04-16,10.815
2007-04-17,10.903
2007-04-18,10.906
2007-04-19,10.917
2007-04-20,10.858
2007-04-23,10.946
2007-04-24,10.944
2007-04-26,10.894
2007-04-27,10.966
2007-04-30,10.919
2007-05-02,10.895
2007-05-03,10.964
2007-05-04,11.014
2007-05-07,11.014
2007-05-08,11.043
2007-05-09,11.08
2007-05-10,11.096
2007-05-11,11.013
2007-05-14,11.057
2007-05-15,11.042
2007-05-16,11.011
2007-05-17,11.011
2007-05-18,11.054
2007-05-21,11.132
2007-05-22,11.163
2007-05-23,11.174
2007-05-24,11.182
2007-05-25,11.132
2007-05-28,11.131
2007-05-29,11.125
2007-05-30,11.136
2007-05-31,11.188
2007-06-01,11.214
2007-06-04,11.214
2007-06-05,11.292
2007-06-06,11.209
2007-06-07,11.134
2007-06-08,11.011
2007-06-11,11.003
2007-06-12,11.137
2007-06-13,11.072
2007-06-14,11.149
2007-06-15,11.21
2007-06-18,11.27
2007-06-19,11.257
2007-06-20,11.244
2007-06-21,11.176
2007-06-22,11.187
2007-06-25,11.088
2007-06-26,11.053
2007-06-27,11.015
2007-06-28,11.04
2007-06-29,11.062
2007-07-02,11.059
2007-07-03,11.063
2007-07-04,11.118
2007-07-05,11.126
2007-07-06,11.118
2007-07-09,11.134
2007-07-10,11.164
2007-07-11,11.03
2007-07-12,11.014
2007-07-13,11.139
2007-07-16,11.181
2007-07-17,11.177
2007-07-18,11.153
2007-07-19,11.087
2007-07-20,11.14
2007-07-23,11.054
2007-07-24,11.091
2007-07-25,10.961
2007-07-26,11.007
2007-07-27,10.789
2007-07-30,10.7
2007-07-31,10.736
2007-08-01,10.736
2007-08-02,10.703
2007-08-03,10.748
2007-08-06,10.747
2007-08-07,10.557
2007-08-08,10.697
2007-08-09,10.811
2007-08-10,10.686
2007-08-13,10.568
2007-08-17,10.428
2007-08-20,10.499
2007-08-21,10.575
2007-08-22,10.597
2007-08-23,10.682
2007-08-24,10.687
2007-08-27,10.721
2007-08-28,10.694
2007-08-29,10.539
2007-08-30,10.628
2007-08-31,10.655
2007-09-03,10.775
2007-09-04,10.793
2007-09-05,10.87
2007-09-06,10.726
2007-09-07,10.743
2007-09-10,10.571
2007-09-11,10.507
2007-09-12,10.608
2007-09-13,10.597
2007-09-14,10.658
2007-09-17,10.655
2007-09-18,10.585
2007-09-19,10.726
2007-09-20,10.847
2007-09-21,10.764
2007-09-24,10.786
2007-09-25,10.773
2007-09-26,10.741
2007-09-27,10.783
2007-09-28,10.84
2007-10-01,10.805
2007-10-03,10.947
2007-10-04,10.938
2007-10-05,10.948
2007-10-08,11.025
2007-10-09,11.025
2007-10-10,11.082
2007-10-11,11.043
2007-10-12,11.021
2007-10-15,11.063
2007-10-16,10.97
2007-10-17,10.917
2007-10-18,10.92
2007-10-19,10.88
2007-10-22,10.747
2007-10-23,10.745
2007-10-24,10.781
2007-10-25,10.764
2007-10-26,10.764
2007-10-29,10.764
2007-10-30,10.839
2007-10-31,10.839
2007-11-02,10.902
2007-11-05,10.69
2007-11-06,10.631
2007-11-07,10.668
2007-11-08,10.476
2007-11-09,10.406
2007-11-12,10.296
2007-11-13,10.277
2007-11-14,10.382
2007-11-15,10.362
2007-11-16,10.287
2007-11-19,10.262
2007-11-20,10.112
2007-11-21,10.121
2007-11-22,9.952
2007-11-23,9.959
2007-11-26,10.094
2007-11-27,9.992
2007-11-28,10.033
2007-11-29,10.25
2007-11-30,10.288
2007-12-03,10.4
2007-12-04,10.372
2007-12-05,10.261
2007-12-06,10.408
2007-12-10,10.514
2007-12-11,10.539
2007-12-12,10.433
2007-12-13,10.455
2007-12-14,10.393
2007-12-17,10.379
2007-12-18,10.247
2007-12-19,10.263
2007-12-20,10.238
2007-12-21,10.284
2007-12-27,10.394
2007-12-28,10.419
2008-01-03,10.166
2008-01-04,10.163
2008-01-07,9.963
2008-01-08,9.971
2008-01-09,9.916
2008-01-10,9.966
2008-01-11,9.947
2008-01-14,9.843
2008-01-15,9.871
2008-01-16,9.7
2008-01-17,9.678
2008-01-18,9.566
2008-01-21,9.536
2008-01-22,9.404
2008-01-23,9.306
2008-01-24,9.373
2008-01-25,9.513
2008-01-28,9.502
2008-01-29,9.486
2008-01-30,9.572
2008-01-31,9.513
2008-02-01,9.598
2008-02-04,9.695
2008-02-05,9.675
2008-02-06,9.505
2008-02-07,9.444
2008-02-08,9.478
2008-02-11,9.457
2008-02-12,9.46
2008-02-13,9.543
2008-02-14,9.6
2008-02-15,9.564
2008-02-18,9.497
2008-02-19,9.55
2008-02-20,9.537
2008-02-21,9.54
2008-02-22,9.482
2008-02-25,9.481
2008-02-26,9.591
2008-02-27,9.649
2008-02-28,9.594
2008-02-29,9.479
2008-03-04,9.238
2008-03-05,9.178
2008-03-06,9.229
2008-03-07,9.114
2008-03-10,9.025
2008-03-11,8.931
2008-03-12,9.097
2008-03-13,9.059
2008-03-14,9.003
2008-03-17,9.002
2008-03-18,8.879
2008-03-19,8.905
2008-03-20,8.852
2008-03-25,8.989
2008-03-26,9.107
2008-03-27,9.024
2008-03-28,8.985
2008-03-31,8.968
2008-04-01,8.939
2008-04-02,9.222
2008-04-03,9.277
2008-04-04,9.29
2008-04-07,9.269
2008-04-08,9.313
2008-04-09,9.253
2008-04-10,9.169
2008-04-11,9.172
2008-04-14,9.066
2008-04-15,9.002
2008-04-16,9.05
2008-04-17,9.155
2008-04-18,9.162
2008-04-21,9.329
2008-04-22,9.277
2008-04-23,9.197
2008-04-24,9.263
2008-04-28,9.335
2008-04-29,9.447
2008-04-30,9.434
2008-05-02,9.44
2008-05-05,9.439
2008-05-06,9.64
2008-05-07,9.586
2008-05-08,9.587
2008-05-09,9.596
2008-05-12,9.595
2008-05-13,9.518
2008-05-14,9.554
2008-05-15,9.593
2008-05-16,9.66
2008-05-19,9.67
2008-05-20,9.717
2008-05-21,9.589
2008-05-22,9.448
2008-05-23,9.481
2008-05-26,9.371
2008-05-27,9.337
2008-05-28,9.382
2008-05-29,9.434
2008-05-30,9.518
2008-06-03,9.542
2008-06-04,9.493
2008-06-05,9.492
2008-06-06,9.522
2008-06-09,9.298
2008-06-10,9.262
2008-06-11,9.284
2008-06-13,9.196
2008-06-16,9.299
2008-06-17,9.273
2008-06-18,9.246
2008-06-19,9.181
2008-06-20,9.167
2008-06-23,9.166
2008-06-24,8.995
2008-06-25,8.975
2008-06-26,9.022
2008-06-27,8.809
2008-06-30,8.772
2008-07-01,8.795
2008-07-02,8.754
2008-07-03,8.63
2008-07-04,8.686
2008-07-07,8.669
2008-07-08,8.669
2008-07-09,8.669
2008-07-10,8.625
2008-07-11,8.587
2008-07-14,8.47
2008-07-15,8.457
2008-07-16,8.345
2008-07-17,8.476
2008-07-18,8.553
2008-07-21,8.578
2008-07-22,8.608
2008-07-23,8.668
2008-07-24,8.771
2008-07-25,8.685
2008-07-28,8.663
2008-07-29,8.556
2008-07-30,8.661
2008-07-31,8.796
2008-08-01,8.726
2008-08-04,8.726
2008-08-05,8.671
2008-08-06,8.756
2008-08-07,8.833
2008-08-08,8.76
2008-08-11,8.952
2008-08-12,9.025
2008-08-13,9.002
2008-08-18,8.954
2008-08-19,8.983
2008-08-20,8.867
2008-08-21,8.899
2008-08-22,8.851
2008-08-25,8.935
2008-08-26,8.878
2008-08-27,8.932
2008-08-28,8.953
2008-08-29,9.041
2008-09-01,9.029
2008-09-02,9.046
2008-09-03,9.043
2008-09-04,9.023
2008-09-05,8.86
2008-09-08,8.847
2008-09-09,9.032
2008-09-10,8.883
2008-09-11,8.926
2008-09-12,8.996
2008-09-15,8.974
2008-09-16,8.694
2008-09-17,8.681
2008-09-18,8.43
2008-09-19,8.486
2008-09-22,8.866
2008-09-23,8.632
2008-09-24,8.505
2008-09-25,8.5
2008-09-26,8.606
2008-09-29,8.579
2008-09-30,8.164
2008-10-01,8.456
2008-10-02,8.487
2008-10-03,8.326
2008-10-06,8.311
2008-10-07,8.059
2008-10-08,7.788
2008-10-09,7.579
2008-10-10,7.299
2008-10-13,7.064
2008-10-14,7.56
2008-10-15,7.696
2008-10-16,7.284
2008-10-17,7.268
2008-10-20,7.335
2008-10-21,7.651
2008-10-22,7.596
2008-10-23,7.324
2008-10-24,7.358
2008-10-27,7.358
2008-10-28,7.17
2008-10-29,7.389
2008-10-30,7.452
2008-10-31,7.639
2008-11-03,7.758
2008-11-04,7.756
2008-11-05,7.957
2008-11-06,7.759
2008-11-07,7.504
2008-11-10,7.597
2008-11-11,7.598
2008-11-12,7.494
2008-11-13,7.265
2008-11-14,7.411
2008-11-17,7.266
2008-11-18,7.133
2008-11-19,7.154
2008-11-20,6.888
2008-11-21,6.604
2008-11-24,6.771
2008-11-25,7.019
2008-11-26,7.05
2008-11-27,7.18
2008-11-28,7.237
2008-12-01,7.377
2008-12-02,6.97
2008-12-03,7.047
2008-12-04,7.15
2008-12-05,7.029
2008-12-09,7.08
2008-12-10,7.259
2008-12-11,7.292
2008-12-12,7.133
2008-12-15,7.029
2008-12-16,6.927
2008-12-17,7.064
2008-12-18,6.902
2008-12-19,6.79
2008-12-22,6.924
2008-12-23,6.843
2008-12-29,6.805
2008-12-30,6.796
2009-01-02,6.906
2009-01-05,7.165
2009-01-07,7.281
2009-01-08,7.232
2009-01-09,7.203
2009-01-12,7.185
2009-01-13,7.128
2009-01-14,7.127
2009-01-15,6.956
2009-01-16,6.942
2009-01-19,6.937
2009-01-20,6.938
2009-01-21,6.788
2009-01-22,6.918
2009-01-23,6.828
2009-01-26,6.867
2009-01-27,6.835
2009-01-28,6.895
2009-01-29,7.039
2009-01-30,6.961
2009-02-02,6.946
2009-02-03,6.887
2009-02-04,6.92
2009-02-05,6.976
2009-02-06,7.031
2009-02-09,7.141
2009-02-10,7.085
2009-02-11,6.896
2009-02-12,6.944
2009-02-13,6.95
2009-02-16,6.884
2009-02-17,6.894
2009-02-18,6.758
2009-02-19,6.741
2009-02-20,6.667
2009-02-23,6.58
2009-02-24,6.428
2009-02-25,6.499
2009-02-26,6.496
2009-02-27,6.476
2009-03-02,6.227
2009-03-03,6.163
2009-03-04,6.281
2009-03-05,6.142
2009-03-06,6.081
2009-03-09,6.081
2009-03-10,6.234
2009-03-11,6.26
2009-03-12,6.347
2009-03-13,6.382
2009-03-16,6.382
2009-03-17,6.4
2009-03-18,6.534
2009-03-19,6.371
2009-03-20,6.346
2009-03-23,6.602
2009-03-24,6.581
2009-03-25,6.612
2009-03-26,6.673
2009-03-27,6.675
2009-03-30,6.675
2009-03-31,6.565
2009-04-01,6.656
2009-04-02,6.778
2009-04-03,6.8
2009-04-06,6.768
2009-04-07,6.73
2009-04-08,6.763
2009-04-09,6.763
2009-04-14,6.908
2009-04-15,6.947
2009-04-16,7.012
2009-04-17,7.103
2009-04-20,6.963
2009-04-21,6.996
2009-04-22,6.996
2009-04-23,7.005
2009-04-24,6.993
2009-04-27,7.03
2009-04-28,7.006
2009-04-29,7.047
2009-04-30,7.047
2009-05-04,7.103
2009-05-05,7.103
2009-05-06,7.243
2009-05-07,7.29
2009-05-08,7.378
2009-05-11,7.267
2009-05-12,7.251
2009-05-13,7.183
2009-05-14,7.164
2009-05-15,7.158
2009-05-18,7.287
2009-05-19,7.284
2009-05-20,7.303
2009-05-21,7.272
2009-05-22,7.272
2009-05-25,7.128
2009-05-26,7.232
2009-05-27,7.218
2009-05-28,7.232
2009-05-29,7.231
2009-06-01,7.232
2009-06-03,7.295
2009-06-04,7.313
2009-06-05,7.361
2009-06-08,7.379
2009-06-09,7.364
2009-06-10,7.389
2009-06-11,7.416
2009-06-12,7.431
2009-06-15,7.351
2009-06-16,7.281
2009-06-17,7.252
2009-06-18,7.251
2009-06-19,7.299
2009-06-22,7.299
2009-06-23,7.171
2009-06-24,7.171
2009-06-25,7.266
2009-06-26,7.237
2009-06-29,7.281
2009-06-30,7.251
2009-07-01,7.258
2009-07-02,7.153
2009-07-03,7.153
2009-07-06,7.151
2009-07-07,7.048
2009-07-08,7.048
2009-07-09,7.049
2009-07-10,7.034
2009-07-13,7.116
2009-07-14,7.181
2009-07-15,7.283
2009-07-16,7.32
2009-07-17,7.334
2009-07-20,7.368
2009-07-21,7.412
2009-07-22,7.425
2009-07-23,7.519
2009-07-24,7.554
2009-07-27,7.572
2009-07-28,7.565
2009-07-29,7.589
2009-07-30,7.677
2009-07-31,7.674
2009-08-03,7.656
2009-08-04,7.688
2009-08-05,7.663
2009-08-06,7.652
2009-08-07,7.749
2009-08-10,7.747
2009-08-11,7.694
2009-08-12,7.72
2009-08-13,7.719
2009-08-17,7.638
2009-08-18,7.688
2009-08-19,7.676
2009-08-20,7.736
2009-08-21,7.812
2009-08-24,7.841
2009-08-25,7.857
2009-08-26,7.875
2009-08-27,7.876
2009-08-28,7.857
2009-08-31,7.818
2009-09-01,7.734
2009-09-02,7.724
2009-09-03,7.747
2009-09-04,7.825
2009-09-07,7.832
2009-09-08,7.828
2009-09-09,7.845
2009-09-10,7.899
2009-09-11,7.907
2009-09-14,7.896
2009-09-15,7.918
2009-09-16,7.977
2009-09-17,7.976
2009-09-18,7.97
2009-09-21,7.948
2009-09-22,7.957
2009-09-23,7.93
2009-09-24,7.877
2009-09-25,7.845
2009-09-28,7.942
2009-09-29,7.967
2009-09-30,7.943
2009-10-01,7.83
2009-10-02,7.739
2009-10-05,7.79
2009-10-06,7.861
2009-10-07,7.899
2009-10-08,7.942
2009-10-09,7.956
2009-10-12,7.962
2009-10-13,7.936
2009-10-14,8.016
2009-10-15,8.019
2009-10-16,7.986
2009-10-19,8.042
2009-10-20,8.02
2009-10-21,7.978
2009-10-22,7.977
2009-10-23,7.975
2009-10-26,7.909
2009-10-27,7.865
2009-10-28,7.756
2009-10-29,7.849
2009-10-30,7.746
2009-11-02,7.736
2009-11-03,7.761
2009-11-04,7.758
2009-11-05,7.806
2009-11-06,7.838
2009-11-09,7.929
2009-11-10,7.946
2009-11-11,7.968
2009-11-12,7.959
2009-11-13,7.991
2009-11-16,8.051
2009-11-17,8.081
2009-11-18,8.037
2009-11-19,7.973
2009-11-20,7.941
2009-11-23,7.999
2009-11-24,7.984
2009-11-25,8.0
2009-11-26,7.937
2009-11-27,7.88
2009-11-30,7.889
2009-12-01,7.983
2009-12-02,8.003
2009-12-03,7.974
2009-12-04,7.994
2009-12-09,8.061
2009-12-10,8.045
2009-12-11,8.101
2009-12-14,8.14
2009-12-15,8.146
2009-12-16,8.145
2009-12-17,8.162
2009-12-18,8.168
2009-12-21,8.194
2009-12-22,8.31
2009-12-23,8.305
2009-12-28,8.304
2009-12-29,8.329
2009-12-30,8.353
2009-12-31,8.31
2010-01-04,8.389
2010-01-05,8.389
2010-01-07,8.466
2010-01-08,8.498
2010-01-11,8.438
2010-01-12,8.395
2010-01-13,8.421
2010-01-14,8.475
2010-01-15,8.452
2010-01-18,8.457
2010-01-19,8.542
2010-01-20,8.511
2010-01-21,8.435
2010-01-22,8.292
2010-01-25,8.273
2010-01-26,8.288
2010-01-27,8.276
2010-01-28,8.276
2010-01-29,8.237
2010-02-01,8.213
2010-02-02,8.275
2010-02-03,8.339
2010-02-04,8.187
2010-02-05,8.173
2010-02-08,8.146
2010-02-09,8.181
2010-02-10,8.199
2010-02-11,8.289
2010-02-12,8.28
2010-02-15,8.289
2010-02-16,8.342
2010-02-17,8.423
2010-02-18,8.473
2010-02-19,8.473
2010-02-22,8.492
2010-02-23,8.433
2010-02-24,8.441
2010-02-25,8.427
2010-02-26,8.422
2010-03-01,8.551
2010-03-02,8.564
2010-03-03,8.545
2010-03-04,8.578
2010-03-05,8.67
2010-03-08,8.669
2010-03-09,8.709
2010-03-10,8.703
2010-03-11,8.712
2010-03-12,8.696
2010-03-15,8.721
2010-03-16,8.72
2010-03-17,8.72
2010-03-18,8.721
2010-03-19,8.839
2010-03-22,8.857
2010-03-23,8.903
2010-03-24,8.936
2010-03-25,8.951
2010-03-26,8.927
2010-03-29,8.94
2010-03-30,8.972
2010-03-31,8.908
2010-04-01,8.908
2010-04-06,9.093
2010-04-07,9.083
2010-04-08,9.066
2010-04-09,9.091
2010-04-12,9.038
2010-04-13,9.044
2010-04-14,9.088
2010-04-15,9.138
2010-04-16,9.138
2010-04-19,9.047
2010-04-20,9.111
2010-04-21,9.132
2010-04-22,9.137
2010-04-23,9.141
2010-04-26,9.181
2010-04-27,9.018
2010-04-28,9.029
2010-04-29,9.092
2010-04-30,9.092
2010-05-03,9.092
2010-05-04,8.999
2010-05-05,8.992
2010-05-06,8.873
2010-05-07,8.745
2010-05-10,8.981
2010-05-11,9.011
2010-05-12,9.011
2010-05-13,9.105
2010-05-14,9.023
2010-05-17,9.029
2010-05-18,8.981
2010-05-19,8.981
2010-05-20,8.902
2010-05-21,8.694
2010-05-24,8.637
2010-05-25,8.65
2010-05-26,8.687
2010-05-27,8.874
2010-05-28,8.803
2010-05-31,8.803
2010-06-01,8.755
2010-06-03,8.956
2010-06-04,8.956
2010-06-07,8.848
2010-06-08,8.801
2010-06-09,8.766
2010-06-10,8.906
2010-06-11,8.906
2010-06-14,8.913
2010-06-15,9.01
2010-06-16,9.025
2010-06-17,9.012
2010-06-18,9.006
2010-06-21,9.043
2010-06-22,9.043
2010-06-23,9.001
2010-06-24,8.828
2010-06-25,8.828
2010-06-28,8.818
2010-06-29,8.675
2010-06-30,8.59
2010-07-01,8.442
2010-07-02,8.371
2010-07-05,8.385
2010-07-06,8.44
2010-07-07,8.58
2010-07-08,8.641
2010-07-09,8.58
2010-07-12,8.75
2010-07-13,8.821
2010-07-14,8.812
2010-07-15,8.718
2010-07-16,8.525
2010-07-19,8.513
2010-07-20,8.588
2010-07-21,8.586
2010-07-22,8.683
2010-07-23,8.783
2010-07-26,8.793
2010-07-27,8.771
2010-07-28,8.745
2010-07-29,8.702
2010-07-30,8.702
2010-08-02,8.711
2010-08-03,8.711
2010-08-04,8.832
2010-08-05,8.832
2010-08-06,8.75
2010-08-09,8.818
2010-08-10,8.824
2010-08-11,8.714
2010-08-12,8.701
2010-08-13,8.729
2010-08-17,8.77
2010-08-18,8.77
2010-08-19,8.687
2010-08-20,8.703
2010-08-23,8.716
2010-08-24,8.602
2010-08-25,8.598
2010-08-26,8.556
2010-08-27,8.65
2010-08-30,8.629
2010-08-31,8.596
2010-09-01,8.741
2010-09-02,8.786
2010-09-03,8.849
2010-09-06,8.871
2010-09-07,8.875
2010-09-08,8.9
2010-09-09,8.957
2010-09-10,8.981
2010-09-13,8.997
2010-09-14,8.962
2010-09-15,8.94
2010-09-16,8.887
2010-09-17,8.987
2010-09-20,8.986
2010-09-21,8.943
2010-09-22,8.795
2010-09-23,8.792
2010-09-24,8.837
2010-09-27,8.825
2010-09-28,8.807
2010-09-29,8.773
2010-09-30,8.714
2010-10-01,8.698
2010-10-04,8.678
2010-10-05,8.741
2010-10-06,8.759
2010-10-07,8.736
2010-10-08,8.763
2010-10-11,8.787
2010-10-12,8.801
2010-10-13,8.826
2010-10-14,8.786
2010-10-15,8.809
2010-10-18,8.862
2010-10-19,8.84
2010-10-20,8.823
2010-10-21,8.829
2010-10-22,8.829
2010-10-25,8.856
2010-10-26,8.889
2010-10-27,8.878
2010-10-28,8.862
2010-10-29,8.861
2010-11-02,8.868
2010-11-03,8.874
2010-11-04,8.946
2010-11-05,9.058
2010-11-08,9.108
2010-11-09,9.086
2010-11-10,9.151
2010-11-11,9.151
2010-11-12,9.059
2010-11-15,9.11
2010-11-16,8.988
2010-11-17,9.009
2010-11-18,9.1
2010-11-19,9.074
2010-11-22,9.077
2010-11-23,9.043
2010-11-24,9.136
2010-11-25,9.161
2010-11-26,9.225
2010-11-29,9.175
2010-11-30,9.169
2010-12-01,9.298
2010-12-02,9.371
2010-12-03,9.304
2010-12-06,9.347
2010-12-09,9.458
2010-12-10,9.463
2010-12-13,9.419
2010-12-14,9.432
2010-12-15,9.416
2010-12-16,9.499
2010-12-17,9.512
2010-12-20,9.555
2010-12-21,9.612
2010-12-22,9.65
2010-12-23,9.65
2010-12-27,9.649
2010-12-28,9.65
2010-12-29,9.681
2010-12-30,9.568
2010-12-31,9.569
2011-01-03,9.506
2011-01-04,9.623
2011-01-05,9.705
2011-01-07,9.78
2011-01-10,9.765
2011-01-11,9.815
2011-01-12,9.841
2011-01-13,9.709
2011-01-14,9.718
2011-01-17,9.754
2011-01-18,9.745
2011-01-19,9.638
2011-01-20,9.601
2011-01-21,9.546
2011-01-24,9.552
2011-01-25,9.543
2011-01-26,9.581
2011-01-27,9.579
2011-01-28,9.518
2011-01-31,9.509
2011-02-01,9.601
2011-02-02,9.614
2011-02-03,9.703
2011-02-04,9.761
2011-02-07,9.817
2011-02-08,9.784
2011-02-09,9.736
2011-02-10,9.774
2011-02-11,9.826
2011-02-14,9.908
2011-02-15,9.875
2011-02-16,9.925
2011-02-17,9.936
2011-02-18,9.917
2011-02-21,9.868
2011-02-22,9.727
2011-02-23,9.636
2011-02-24,9.637
2011-02-25,9.605
2011-02-28,9.748
2011-03-01,9.664
2011-03-02,9.619
2011-03-03,9.673
2011-03-04,9.62
2011-03-07,9.546
2011-03-08,9.626
2011-03-09,9.603
2011-03-10,9.515
2011-03-11,9.503
2011-03-14,9.345
2011-03-15,9.175
2011-03-16,9.128
2011-03-18,9.171
2011-03-21,9.262
2011-03-22,9.269
2011-03-23,9.32
2011-03-24,9.355
2011-03-25,9.396
2011-03-28,9.391
2011-03-29,9.432
2011-03-30,9.486
2011-03-31,9.424
2011-04-01,9.491
2011-04-04,9.466
2011-04-05,9.469
2011-04-06,9.423
2011-04-07,9.436
2011-04-08,9.394
2011-04-11,9.369
2011-04-12,9.254
2011-04-13,9.279
2011-04-14,9.276
2011-04-15,9.306
2011-04-18,9.296
2011-04-19,9.278
2011-04-20,9.331
2011-04-21,9.363
2011-04-26,9.367
2011-04-27,9.39
2011-04-28,9.372
2011-04-29,9.372
2011-05-02,9.389
2011-05-03,9.356
2011-05-04,9.267
2011-05-05,9.319
2011-05-06,9.399
2011-05-09,9.499
2011-05-10,9.523
2011-05-11,9.504
2011-05-12,9.521
2011-05-13,9.47
2011-05-16,9.416
2011-05-17,9.41
2011-05-18,9.444
2011-05-19,9.47
2011-05-20,9.467
2011-05-23,9.4
2011-05-24,9.37
2011-05-25,9.42
2011-05-26,9.447
2011-05-27,9.427
2011-05-30,9.419
2011-05-31,9.461
2011-06-01,9.32
2011-06-03,9.32
2011-06-06,9.154
2011-06-07,9.04
2011-06-08,9.017
2011-06-09,9.106
2011-06-10,9.106
2011-06-13,9.067
2011-06-14,9.108
2011-06-15,9.072
2011-06-16,9.093
2011-06-17,9.047
2011-06-20,9.051
2011-06-21,9.143
2011-06-22,9.143
2011-06-23,9.096
2011-06-24,9.085
2011-06-27,9.062
2011-06-28,9.112
2011-06-29,9.2
2011-06-30,9.246
2011-07-01,9.336
2011-07-04,9.342
2011-07-05,9.353
2011-07-06,9.418
2011-07-07,9.45
2011-07-08,9.448
2011-07-11,9.423
2011-07-12,9.377
2011-07-13,9.358
2011-07-14,9.3
2011-07-15,9.336
2011-07-18,9.292
2011-07-19,9.322
2011-07-20,9.358
2011-07-21,9.372
2011-07-22,9.409
2011-07-25,9.379
2011-07-26,9.308
2011-07-27,9.219
2011-07-28,9.22
2011-07-29,9.22
2011-08-01,9.134
2011-08-02,8.993
2011-08-03,8.914
2011-08-04,8.648
2011-08-05,8.547
2011-08-08,8.172
2011-08-09,8.358
2011-08-10,8.159
2011-08-11,8.334
2011-08-12,8.447
2011-08-17,8.443
2011-08-18,8.192
2011-08-19,8.05
2011-08-22,8.063
2011-08-23,8.213
2011-08-24,8.272
2011-08-25,8.22
2011-08-26,8.27
2011-08-29,8.349
2011-08-30,8.429
2011-08-31,8.538
2011-09-01,8.564
2011-09-02,8.419
2011-09-05,8.331
2011-09-06,8.295
2011-09-07,8.484
2011-09-08,8.473
2011-09-09,8.407
2011-09-12,8.389
2011-09-13,8.427
2011-09-14,8.49
2011-09-15,8.551
2011-09-16,8.623
2011-09-19,8.594
2011-09-20,8.573
2011-09-21,8.432
2011-09-22,8.249
2011-09-23,8.256
2011-09-26,8.372
2011-09-27,8.478
2011-09-28,8.392
2011-09-29,8.408
2011-09-30,8.366
2011-10-03,8.248
2011-10-04,8.247
2011-10-05,8.365
2011-10-06,8.497
2011-10-07,8.464
2011-10-10,8.573
2011-10-11,8.604
2011-10-12,8.628
2011-10-13,8.635
2011-10-14,8.659
2011-10-17,8.624
2011-10-18,8.701
2011-10-19,8.62
2011-10-20,8.625
2011-10-21,8.688
2011-10-24,8.807
2011-10-25,8.695
2011-10-26,8.766
2011-10-27,8.905
2011-10-28,8.905
2011-10-31,8.908
2011-11-02,8.713
2011-11-03,8.851
2011-11-04,8.818
2011-11-07,8.835
2011-11-08,8.878
2011-11-09,8.777
2011-11-10,8.767
2011-11-11,8.851
2011-11-14,8.839
2011-11-15,8.882
2011-11-16,8.882
2011-11-17,8.706
2011-11-18,8.666
2011-11-21,8.536
2011-11-22,8.5
2011-11-23,8.428
2011-11-24,8.425
2011-11-25,8.44
2011-11-28,8.612
2011-11-29,8.666
2011-11-30,8.879
2011-12-01,8.875
2011-12-02,8.917
2011-12-05,8.967
2011-12-06,8.967
2011-12-09,8.946
2011-12-12,8.912
2011-12-13,8.926
2011-12-14,8.873
2011-12-15,8.87
2011-12-16,8.868
2011-12-19,8.811
2011-12-20,8.946
2011-12-21,8.981
2011-12-22,9.029
2011-12-23,9.029
2011-12-27,9.029
2011-12-28,9.095
2011-12-29,9.138
2011-12-30,9.138
2012-01-02,9.138
2012-01-03,9.235
2012-01-04,9.306
2012-01-10,9.415
2012-01-11,9.45
2012-01-12,9.408
2012-01-13,9.446
2012-01-16,9.451
2012-01-17,9.471
2012-01-18,9.495
2012-01-19,9.52
2012-01-20,9.516
2012-01-23,9.484
2012-01-24,9.488
2012-01-25,9.535
2012-01-26,9.464
2012-01-27,9.451
2012-01-30,9.413
2012-01-31,9.443
2012-02-01,9.481
2012-02-02,9.518
2012-02-03,9.639
2012-02-06,9.66
2012-02-07,9.588
2012-02-08,9.599
2012-02-09,9.586
2012-02-10,9.568
2012-02-13,9.61
2012-02-14,9.63
2012-02-15,9.684
2012-02-16,9.736
2012-02-17,9.713
2012-02-20,9.701
2012-02-21,9.689
2012-02-22,9.664
2012-02-23,9.653
2012-02-24,9.602
2012-02-27,9.602
2012-02-28,9.645
2012-02-29,9.648
2012-03-01,9.713
2012-03-02,9.755
2012-03-05,9.689
2012-03-06,9.59
2012-03-07,9.629
2012-03-08,9.665
2012-03-09,9.773
2012-03-12,9.745
2012-03-13,9.888
2012-03-14,9.927
2012-03-15,9.96
2012-03-16,9.96
2012-03-19,9.938
2012-03-20,9.873
2012-03-21,9.869
2012-03-22,9.816
2012-03-23,9.802
2012-03-26,9.861
2012-03-27,9.859
2012-03-28,9.859
2012-03-29,9.823
2012-03-30,9.809
2012-04-02,9.899
2012-04-03,9.832
2012-04-04,9.808
2012-04-05,9.835
2012-04-10,9.617
2012-04-11,9.645
2012-04-12,9.733
2012-04-13,9.691
2012-04-16,9.696
2012-04-17,9.775
2012-04-18,9.776
2012-04-19,9.726
2012-04-20,9.712
2012-04-23,9.648
2012-04-24,9.646
2012-04-26,9.781
2012-04-27,9.805
2012-04-30,9.792
2012-05-02,9.828
2012-05-03,9.782
2012-05-04,9.782
2012-05-07,9.672
2012-05-08,9.644
2012-05-09,9.627
2012-05-10,9.638
2012-05-11,9.624
2012-05-14,9.572
2012-05-15,9.545
2012-05-16,9.545
2012-05-17,9.503
2012-05-18,9.332
2012-05-21,9.397
2012-05-22,9.464
2012-05-23,9.485
2012-05-24,9.515
2012-05-25,9.515
2012-05-28,9.539
2012-05-29,9.625
2012-05-30,9.625
2012-05-31,9.571
2012-06-01,9.571
2012-06-04,9.395
2012-06-05,9.363
2012-06-06,9.524
2012-06-07,9.535
2012-06-08,9.577
2012-06-11,9.515
2012-06-12,9.515
2012-06-13,9.516
2012-06-14,9.54
2012-06-15,9.606
2012-06-18,9.66
2012-06-19,9.7
2012-06-20,9.701
2012-06-21,9.614
2012-06-22,9.644
2012-06-25,9.565
2012-06-26,9.585
2012-06-27,9.677
2012-06-28,9.677
2012-06-29,9.682
2012-07-02,9.853
2012-07-03,9.853
2012-07-04,9.967
2012-07-05,10.0
2012-07-06,9.957
2012-07-09,9.922
2012-07-10,9.919
2012-07-11,9.921
2012-07-12,9.921
2012-07-13,9.973
2012-07-16,9.972
2012-07-17,10.014
2012-07-18,10.05
2012-07-19,10.118
2012-07-20,10.067
2012-07-23,9.955
2012-07-24,9.917
2012-07-25,9.883
2012-07-26,9.953
2012-07-27,9.953
2012-07-30,10.169
2012-07-31,10.095
2012-08-01,10.093
2012-08-02,10.095
2012-08-03,10.095
2012-08-06,10.095
2012-08-07,10.215
2012-08-08,10.257
2012-08-09,10.304
2012-08-10,10.302
2012-08-13,10.262
2012-08-14,10.294
2012-08-16,10.334
2012-08-17,10.399
2012-08-20,10.363
2012-08-21,10.296
2012-08-22,10.269
2012-08-23,10.173
2012-08-24,10.216
2012-08-27,10.225
2012-08-28,10.178
2012-08-29,10.196
2012-08-30,10.138
2012-08-31,10.114
2012-09-03,10.146
2012-09-04,10.114
2012-09-05,10.078
2012-09-06,10.22
2012-09-07,10.209
2012-09-10,10.18
2012-09-11,10.178
2012-09-12,10.186
2012-09-13,10.253
2012-09-14,10.222
2012-09-17,10.222
2012-09-18,10.212
2012-09-19,10.237
2012-09-20,10.26
2012-09-21,10.259
2012-09-24,10.263
2012-09-25,10.205
2012-09-26,10.172
2012-09-27,10.226
2012-09-28,10.167
2012-10-01,10.199
2012-10-02,10.181
2012-10-03,10.202
2012-10-04,10.197
2012-10-05,10.208
2012-10-08,10.209
2012-10-09,10.174
2012-10-10,10.114
2012-10-11,10.119
2012-10-12,10.083
2012-10-15,10.144
2012-10-16,10.197
2012-10-17,10.2
2012-10-18,10.219
2012-10-19,10.146
2012-10-22,10.112
2012-10-23,10.044
2012-10-24,10.034
2012-10-25,10.06
2012-10-26,10.06
2012-10-29,10.061
2012-10-30,10.06
2012-10-31,10.04
2012-11-02,10.146
2012-11-05,10.166
2012-11-06,10.208
2012-11-07,10.098
2012-11-08,10.039
2012-11-09,10.043
2012-11-12,10.033
2012-11-13,10.016
2012-11-14,9.908
2012-11-15,9.845
2012-11-16,9.892
2012-11-19,10.008
2012-11-20,10.021
2012-11-21,10.032
2012-11-22,10.035
2012-11-23,10.079
2012-11-26,10.056
2012-11-27,10.059
2012-11-28,10.098
2012-11-29,10.131
2012-11-30,10.12
2012-12-03,10.073
2012-12-04,10.06
2012-12-05,10.079
2012-12-06,10.155
2012-12-07,10.202
2012-12-10,10.206
2012-12-11,10.209
2012-12-12,10.2
2012-12-13,10.143
2012-12-14,10.12
2012-12-17,10.12
2012-12-18,10.199
2012-12-19,10.184
2012-12-20,10.214
2012-12-21,10.214
2012-12-27,10.181
2012-12-28,10.152
2012-12-31,10.069
2013-01-02,10.328
2013-01-03,10.404
2013-01-04,10.474
2013-01-07,10.418
2013-01-08,10.406
2013-01-09,10.454
2013-01-10,10.417
2013-01-11,10.36
2013-01-14,10.333
2013-01-15,10.357
2013-01-16,10.367
2013-01-17,10.378
2013-01-18,10.436
2013-01-21,10.433
2013-01-22,10.474
2013-01-23,10.472
2013-01-24,10.432
2013-01-25,10.427
2013-01-28,10.422
2013-01-29,10.458
2013-01-30,10.387
2013-01-31,10.355
2013-02-01,10.355
2013-02-04,10.326
2013-02-05,10.379
2013-02-06,10.389
2013-02-07,10.447
2013-02-08,10.507
2013-02-11,10.478
2013-02-12,10.483
2013-02-13,10.506
2013-02-14,10.562
2013-02-15,10.53
2013-02-18,10.54
2013-02-19,10.614
2013-02-20,10.544
2013-02-21,10.511
2013-02-22,10.617
2013-02-25,10.521
2013-02-26,10.57
2013-02-27,10.637
2013-02-28,10.699
2013-03-01,10.729
2013-03-04,10.728
2013-03-05,10.826
2013-03-06,10.864
2013-03-07,10.821
2013-03-08,10.917
2013-03-11,10.932
2013-03-12,10.917
2013-03-13,10.947
2013-03-14,10.99
2013-03-15,10.99
2013-03-18,10.959
2013-03-19,10.963
2013-03-20,10.968
2013-03-21,10.937
2013-03-22,10.921
2013-03-25,10.952
2013-03-26,11.009
2013-03-27,11.047
2013-03-28,11.036
2013-04-02,11.042
2013-04-03,10.975
2013-04-04,10.948
2013-04-05,10.805
2013-04-08,10.859
2013-04-09,10.878
2013-04-10,10.986
2013-04-11,11.027
2013-04-12,11.004
2013-04-15,10.849
2013-04-16,10.863
2013-04-17,10.805
2013-04-18,10.738
2013-04-19,10.792
2013-04-22,10.856
2013-04-23,10.985
2013-04-24,11.045
2013-04-26,11.068
2013-04-29,11.081
2013-04-30,11.067
2013-05-02,11.067
2013-05-03,11.116
2013-05-06,11.176
2013-05-07,11.261
2013-05-08,11.261
2013-05-09,11.284
2013-05-10,11.383
2013-05-13,11.389
2013-05-14,11.452
2013-05-15,11.574
2013-05-16,11.516
2013-05-17,11.516
2013-05-20,11.62
2013-05-21,11.639
2013-05-22,11.592
2013-05-23,11.437
2013-05-24,11.41
2013-05-27,11.385
2013-05-28,11.502
2013-05-29,11.371
2013-05-30,11.329
2013-05-31,11.329
2013-06-03,11.266
2013-06-04,11.201
2013-06-05,11.045
2013-06-06,10.992
2013-06-07,11.07
2013-06-10,11.107
2013-06-11,10.99
2013-06-12,10.909
2013-06-13,10.98
2013-06-14,10.947
2013-06-17,11.03
2013-06-18,11.042
2013-06-19,10.983
2013-06-20,10.807
2013-06-21,10.812
2013-06-24,10.709
2013-06-25,10.796
2013-06-26,10.936
2013-06-27,10.999
2013-06-28,10.981
2013-07-01,10.98
2013-07-02,11.024
2013-07-03,11.004
2013-07-04,11.103
2013-07-05,11.188
2013-07-08,11.225
2013-07-09,11.357
2013-07-10,11.338
2013-07-11,11.353
2013-07-12,11.353
2013-07-15,11.378
2013-07-16,11.299
2013-07-17,11.348
2013-07-18,11.396
2013-07-19,11.379
2013-07-22,11.388
2013-07-23,11.364
2013-07-24,11.343
2013-07-25,11.338
2013-07-26,11.306
2013-07-29,11.261
2013-07-30,11.279
2013-07-31,11.247
2013-08-01,11.392
2013-08-02,11.392
2013-08-05,11.412
2013-08-06,11.35
2013-08-07,11.293
2013-08-08,11.305
2013-08-09,11.326
2013-08-12,11.35
2013-08-13,11.415
2013-08-14,11.389
2013-08-16,11.322
2013-08-19,11.244
2013-08-20,11.118
2013-08-21,11.09
2013-08-22,11.166
2013-08-23,11.19
2013-08-26,11.177
2013-08-27,11.035
2013-08-28,11.043
2013-08-29,11.136
2013-08-30,11.109
2013-09-02,11.171
2013-09-03,11.224
2013-09-04,11.266
2013-09-05,11.337
2013-09-06,11.345
2013-09-09,11.363
2013-09-10,11.439
2013-09-11,11.454
2013-09-12,11.434
2013-09-13,11.472
2013-09-16,11.482
2013-09-17,11.489
2013-09-18,11.579
2013-09-19,11.51
2013-09-20,11.469
2013-09-23,11.44
2013-09-24,11.445
2013-09-25,11.427
2013-09-26,11.464
2013-09-27,11.407
2013-09-30,11.33
2013-10-01,11.402
2013-10-02,11.402
2013-10-03,11.386
2013-10-04,11.33
2013-10-07,11.276
2013-10-08,11.18
2013-10-09,11.224
2013-10-10,11.396
2013-10-11,11.41
2013-10-14,11.447
2013-10-15,11.447
2013-10-16,11.582
2013-10-17,11.55
2013-10-18,11.598
2013-10-21,11.625
2013-10-22,11.62
2013-10-23,11.547
2013-10-24,11.566
2013-10-25,11.566
2013-10-28,11.566
2013-10-29,11.604
2013-10-30,11.589
2013-10-31,11.664
2013-11-04,11.737
2013-11-05,11.73
2013-11-06,11.75
2013-11-07,11.74
2013-11-08,11.732
2013-11-11,11.73
2013-11-12,11.765
2013-11-13,11.8
2013-11-14,11.837
2013-11-15,11.879
2013-11-18,11.858
2013-11-19,11.858
2013-11-20,11.819
2013-11-21,11.864
2013-11-22,11.857
2013-11-25,11.875
2013-11-26,11.828
2013-11-27,11.827
2013-11-28,11.827
2013-11-29,11.823
2013-12-02,11.816
2013-12-03,11.735
2013-12-04,11.703
2013-12-05,11.586
2013-12-06,11.659
2013-12-09,11.665
2013-12-10,11.616
2013-12-11,11.515
2013-12-12,11.468
2013-12-13,11.479
2013-12-16,11.537
2013-12-17,11.516
2013-12-18,11.62
2013-12-19,11.705
2013-12-20,11.752
2013-12-23,11.776
2013-12-27,11.776
2013-12-30,11.811
2013-12-31,11.837
2014-01-02,11.85
2014-01-03,11.901
2014-01-07,11.957
2014-01-08,11.985
2014-01-09,11.967
2014-01-10,11.959
2014-01-13,11.905
2014-01-14,11.93
2014-01-15,12.052
2014-01-16,12.026
2014-01-17,12.026
2014-01-20,12.045
2014-01-21,12.054
2014-01-22,12.058
2014-01-23,11.897
2014-01-24,11.684
2014-01-27,11.599
2014-01-28,11.644
2014-01-29,11.622
2014-01-30,11.706
2014-01-31,11.708
2014-02-03,11.499
2014-02-04,11.481
2014-02-05,11.474
2014-02-06,11.568
2014-02-07,11.665
2014-02-10,11.656
2014-02-11,11.76
2014-02-12,11.858
2014-02-13,11.844
2014-02-14,11.855
2014-02-17,11.898
2014-02-18,11.9
2014-02-19,11.855
2014-02-20,11.889
2014-02-21,11.892
2014-02-24,11.95
2014-02-25,11.939
2014-02-26,11.958
2014-02-27,11.968
2014-02-28,11.927
2014-03-03,11.822
2014-03-04,11.992
2014-03-05,12.009
2014-03-06,11.989
2014-03-07,11.949
2014-03-10,11.91
2014-03-11,11.889
2014-03-12,11.831
2014-03-13,11.735
2014-03-14,11.735
2014-03-17,11.67
2014-03-18,11.848
2014-03-19,11.805
2014-03-20,11.911
2014-03-21,11.884
2014-03-24,11.841
2014-03-25,11.903
2014-03-26,11.905
2014-03-27,11.927
2014-03-28,11.981
2014-03-31,12.054
2014-04-01,12.108
2014-04-02,12.149
2014-04-03,12.18
2014-04-04,12.141
2014-04-07,11.984
2014-04-08,11.961
2014-04-09,12.005
2014-04-10,11.841
2014-04-11,11.72
2014-04-14,11.803
2014-04-15,11.8
2014-04-16,11.941
2014-04-17,11.958
2014-04-22,12.068
2014-04-23,12.023
2014-04-24,12.041
2014-04-28,11.965
2014-04-29,12.018
2014-04-30,12.018
2014-05-02,12.037
2014-05-05,12.027
2014-05-06,11.951
2014-05-07,11.977
2014-05-08,12.0
2014-05-09,12.076
2014-05-12,12.157
2014-05-13,12.199
2014-05-14,12.171
2014-05-15,12.08
2014-05-16,12.096
2014-05-19,12.109
2014-05-20,12.083
2014-05-21,12.158
2014-05-22,12.209
2014-05-23,12.233
2014-05-26,12.306
2014-05-27,12.361
2014-05-28,12.361
2014-05-29,12.36
2014-05-30,12.386
2014-06-03,12.413
2014-06-04,12.429
2014-06-05,12.483
2014-06-06,12.483
2014-06-09,12.483
2014-06-10,12.6
2014-06-11,12.577
2014-06-12,12.522
2014-06-13,12.546
2014-06-16,12.504
2014-06-17,12.544
2014-06-18,12.552
2014-06-19,12.552
2014-06-20,12.634
2014-06-23,12.634
2014-06-24,12.549
2014-06-25,12.52
2014-06-26,12.553
2014-06-27,12.541
2014-06-30,12.526
2014-07-01,12.614
2014-07-02,12.633
2014-07-03,12.663
2014-07-04,12.713
2014-07-07,12.653
2014-07-08,12.559
2014-07-09,12.558
2014-07-10,12.516
2014-07-11,12.519
2014-07-14,12.549
2014-07-15,12.59
2014-07-16,12.676
2014-07-17,12.676
2014-07-18,12.65
2014-07-21,12.603
2014-07-22,12.717
2014-07-23,12.748
2014-07-24,12.762
2014-07-25,12.761
2014-07-28,12.743
2014-07-29,12.734
2014-07-30,12.73
2014-07-31,12.563
2014-08-01,12.563
2014-08-04,12.475
2014-08-05,12.472
2014-08-06,12.458
2014-08-07,12.411
2014-08-08,12.402
2014-08-11,12.487
2014-08-12,12.493
2014-08-13,12.541
2014-08-14,12.578
2014-08-18,12.669
2014-08-19,12.757
2014-08-20,12.784
2014-08-21,12.835
2014-08-22,12.847
2014-08-25,12.936
2014-08-26,12.953
2014-08-27,12.976
2014-08-28,12.961
2014-08-29,12.967
2014-09-01,13.013
2014-09-02,13.048
2014-09-03,13.063
2014-09-04,13.192
2014-09-05,13.214
2014-09-08,13.194
2014-09-09,13.147
2014-09-10,13.159
2014-09-11,13.151
2014-09-12,13.111
2014-09-15,13.086
2014-09-16,13.117
2014-09-17,13.119
2014-09-18,13.204
2014-09-19,13.242
2014-09-22,13.167
2014-09-23,13.048
2014-09-24,13.146
2014-09-25,13.056
2014-09-26,13.136
2014-09-29,13.109
2014-09-30,13.12
2014-10-01,13.024
2014-10-02,13.023
2014-10-03,12.952
2014-10-06,13.043
2014-10-07,12.876
2014-10-08,12.894
2014-10-09,12.724
2014-10-10,12.675
2014-10-13,12.61
2014-10-14,12.481
2014-10-15,12.298
2014-10-16,12.263
2014-10-17,12.413
2014-10-20,12.48
2014-10-21,12.703
2014-10-22,12.74
2014-10-23,12.829
2014-10-24,12.828
2014-10-27,12.862
2014-10-28,12.915
2014-10-29,12.917
2014-10-30,13.042
2014-10-31,13.236
2014-11-03,13.253
2014-11-04,13.155
2014-11-05,13.29
2014-11-06,13.348
2014-11-07,13.359
2014-11-10,13.361
2014-11-11,13.382
2014-11-12,13.339
2014-11-13,13.342
2014-11-14,13.344
2014-11-17,13.358
2014-11-18,13.387
2014-11-19,13.351
2014-11-20,13.364
2014-11-21,13.523
2014-11-24,13.56
2014-11-25,13.536
2014-11-26,13.541
2014-11-27,13.547
2014-11-28,13.563
2014-12-01,13.48
2014-12-02,13.598
2014-12-03,13.706
2014-12-04,13.582
2014-12-05,13.738
2014-12-09,13.507
2014-12-10,13.364
2014-12-11,13.41
2014-12-12,13.166
2014-12-15,13.079
2014-12-16,13.01
2014-12-17,13.217
2014-12-18,13.546
2014-12-19,13.617
2014-12-22,13.654
2014-12-23,13.678
2014-12-29,13.677
2014-12-30,13.749
2014-12-31,13.722
2015-01-02,13.757
2015-01-05,13.653
2015-01-07,13.703
2015-01-08,13.921
2015-01-09,13.638
2015-01-12,13.619
2015-01-13,13.667
2015-01-14,13.581
2015-01-15,13.741
2015-01-16,13.761
2015-01-19,13.896
2015-01-20,13.893
2015-01-21,13.944
2015-01-22,14.211
2015-01-23,14.367
2015-01-26,14.396
2015-01-27,14.21
2015-01-28,14.171
2015-01-29,14.208
2015-01-30,14.137
2015-02-02,14.18
2015-02-03,14.227
2015-02-04,14.264
2015-02-05,14.317
2015-02-06,14.352
2015-02-09,14.312
2015-02-10,14.413
2015-02-11,14.41
2015-02-12,14.471
2015-02-13,14.471
2015-02-16,14.509
2015-02-17,14.529
2015-02-18,14.582
2015-02-19,14.577
2015-02-20,14.637
2015-02-23,14.673
2015-02-24,14.716
2015-02-25,14.69
2015-02-26,14.83
2015-02-27,14.812
2015-03-02,14.854
2015-03-03,14.808
2015-03-04,14.882
2015-03-05,14.94
2015-03-06,14.982
2015-03-09,14.996
2015-03-10,14.952
2015-03-11,15.102
2015-03-12,15.185
2015-03-13,15.243
2015-03-16,15.242
2015-03-17,15.314
2015-03-18,15.32
2015-03-19,15.327
2015-03-20,15.296
2015-03-23,15.177
2015-03-24,15.161
2015-03-25,14.953
2015-03-26,14.941
2015-03-27,14.999
2015-03-30,15.151
2015-03-31,15.129
2015-04-01,15.091
2015-04-02,15.039
2015-04-07,15.135
2015-04-08,15.215
2015-04-09,15.363
2015-04-10,15.487
2015-04-13,15.502
2015-04-14,15.415
2015-04-15,15.504
2015-04-16,15.432
2015-04-17,15.228
2015-04-20,15.328
2015-04-21,15.365
2015-04-22,15.414
2015-04-23,15.36
2015-04-24,15.331
2015-04-27,15.329
2015-04-28,15.237
2015-04-29,15.015
2015-04-30,14.982
2015-05-04,14.981
2015-05-05,14.873
2015-05-06,14.873
2015-05-07,14.755
2015-05-08,14.889
2015-05-11,15.017
2015-05-12,14.892
2015-05-13,14.898
2015-05-14,14.898
2015-05-15,14.823
2015-05-18,14.96
2015-05-19,15.181
2015-05-20,15.208
2015-05-21,15.215
2015-05-22,15.216
2015-05-25,15.216
2015-05-26,15.273
2015-05-27,15.402
2015-05-28,15.349
2015-05-29,15.349
2015-06-01,15.238
2015-06-03,15.077
2015-06-04,15.074
2015-06-05,14.956
2015-06-08,14.81
2015-06-09,14.746
2015-06-10,14.85
2015-06-11,14.946
2015-06-12,14.861
2015-06-15,14.786
2015-06-16,14.835
2015-06-17,14.821
2015-06-18,14.772
2015-06-19,14.823
2015-06-22,14.907
2015-06-23,15.099
2015-06-24,15.039
2015-06-25,15.011
2015-06-26,15.018
2015-06-29,14.752
2015-06-30,14.752
2015-07-01,14.877
2015-07-02,14.871
2015-07-03,14.843
2015-07-06,14.761
2015-07-07,14.854
2015-07-08,14.638
2015-07-09,14.701
2015-07-10,14.768
2015-07-13,14.953
2015-07-14,15.071
2015-07-15,15.128
2015-07-16,15.276
2015-07-17,15.312
2015-07-20,15.307
2015-07-21,15.207
2015-07-22,15.196
2015-07-23,15.073
2015-07-24,14.97
2015-07-27,14.746
2015-07-28,14.885
2015-07-29,14.991
2015-07-30,15.081
2015-07-31,15.088
2015-08-03,15.006
2015-08-04,15.041
2015-08-05,15.176
2015-08-06,15.075
2015-08-07,15.005
2015-08-10,15.086
2015-08-11,14.916
2015-08-12,14.711
2015-08-13,14.778
2015-08-14,14.805
2015-08-17,14.882
2015-08-18,14.897
2015-08-19,14.771
2015-08-20,14.442
2015-08-21,14.042
2015-08-24,13.999
2015-08-25,13.544
2015-08-26,13.747
2015-08-27,14.111
2015-08-28,14.146
2015-08-31,14.098
2015-09-01,13.764
2015-09-02,13.757
2015-09-03,14.048
2015-09-04,13.971
2015-09-07,13.883
2015-09-08,14.021
2015-09-09,14.054
2015-09-10,13.991
2015-09-11,13.947
2015-09-14,13.899
2015-09-15,14.005
2015-09-16,14.095
2015-09-17,14.095
2015-09-18,13.868
2015-09-21,14.022
2015-09-22,13.887
2015-09-23,13.871
2015-09-24,13.688
2015-09-25,13.857
2015-09-28,13.623
2015-09-29,13.548
2015-09-30,13.787
2015-10-01,13.784
2015-10-02,13.827
2015-10-05,14.07
2015-10-06,14.035
2015-10-07,14.121
2015-10-08,14.141
2015-10-09,14.158
2015-10-12,14.158
2015-10-13,14.048
2015-10-14,13.938
2015-10-15,14.123
2015-10-16,14.189
2015-10-19,14.24
2015-10-20,14.204
2015-10-21,14.163
2015-10-22,14.422
2015-10-23,14.443
2015-10-26,14.67
2015-10-27,14.565
2015-10-28,14.664
2015-10-29,14.722
2015-10-30,14.644
2015-11-02,14.735
2015-11-03,14.792
2015-11-04,14.865
2015-11-05,14.857
2015-11-06,14.961
2015-11-09,14.876
2015-11-10,14.881
2015-11-11,14.882
2015-11-12,14.721
2015-11-13,14.635
2015-11-16,14.719
2015-11-17,14.856
2015-11-18,14.953
2015-11-19,14.923
2015-11-20,15.002
2015-11-23,15.002
2015-11-24,14.986
2015-11-25,15.021
2015-11-26,15.098
2015-11-27,15.112
2015-11-30,15.106
2015-12-01,15.166
2015-12-02,15.117
2015-12-03,14.724
2015-12-04,14.693
2015-12-07,14.77
2015-12-09,14.498
2015-12-10,14.513
2015-12-11,14.296
2015-12-14,14.211
2015-12-15,14.401
2015-12-16,14.515
2015-12-17,14.559
2015-12-18,14.555
2015-12-21,14.419
2015-12-22,14.411
2015-12-23,14.489
2015-12-28,14.49
2015-12-29,14.498
2015-12-30,14.502
2015-12-31,14.604
2016-01-04,14.588
2016-01-05,14.516
2016-01-07,14.049
2016-01-08,13.873
2016-01-11,13.892
2016-01-12,13.963
2016-01-13,13.815
2016-01-20,13.428
2016-01-27,13.686
2016-01-29,13.917
2016-02-03,13.665
2016-02-10,13.026
2016-02-17,13.276
2016-02-24,13.511
2016-02-29,13.687
2016-03-02,13.934
2016-03-09,13.897
2016-03-16,13.967
2016-03-23,14.101
2016-03-31,14.095
2016-04-06,13.909
2016-04-13,14.098
2016-04-20,14.261
2016-04-29,14.136
2016-05-04,13.953
2016-05-11,14.046
2016-05-18,13.941
2016-05-25,14.192
2016-05-31,14.281
2016-06-08,14.282
2016-06-15,13.942
2016-06-22,14.101
2016-06-30,13.95
2016-07-06,13.909
2016-07-13,14.344
2016-07-20,14.424
2016-07-29,14.461
2016-08-03,14.291
2016-08-10,14.536
2016-08-17,14.483
2016-08-24,14.546
2016-08-31,14.532
2016-09-07,14.622
2016-09-14,14.32
2016-09-21,14.506
2016-09-28,14.523
2016-09-30,14.439
2016-10-05,14.479
2016-10-12,14.431
2016-10-19,14.449
2016-10-26,14.434
2016-10-31,14.375
2016-11-09,14.173
2016-11-16,14.575
2016-11-23,14.707
2016-11-30,14.737
2016-12-07,14.809
2016-12-14,15.092
2016-12-21,15.16
2016-12-31,15.048
2017-01-04,15.153
2017-01-11,15.196
2017-01-18,15.116
2017-01-25,15.231
2017-01-31,15.125
2017-02-08,15.185
2017-02-15,15.401
2017-02-22,15.522
2017-02-28,15.485
2017-03-08,15.535
2017-03-15,15.582
2017-03-22,15.42
2017-03-31,15.563
2017-04-05,15.544
2017-04-12,15.548
2017-04-19,15.412
2017-04-28,15.747
2017-05-03,15.78
2017-05-10,15.868
2017-05-17,15.867
2017-05-24,15.871
2017-05-31,15.911
2017-06-07,15.995
2017-06-14,16.043
2017-06-21,15.989
2017-06-30,15.902
2017-07-05,15.949
2017-07-12,15.96
2017-07-19,16.08
2017-07-26,16.127
2017-07-31,16.076
2017-08-09,16.087
2017-08-16,16.061
2017-08-23,15.986
2017-08-31,16.01
2017-09-06,15.962
2017-09-13,16.182
2017-09-20,16.253
2017-09-29,16.329
2017-10-04,16.465
2017-10-11,16.522
2017-10-18,16.6
2017-10-25,16.639
2017-10-31,16.76
2017-11-08,16.811
2017-11-15,16.594
2017-11-22,16.769
2017-11-30,16.831
2017-12-06,16.754
2017-12-13,16.96
2017-12-20,17.042
2017-12-31,17.029
2018-01-03,17.043
2018-01-10,17.373
2018-01-17,17.406
2018-01-24,17.633
2018-01-31,17.444
2018-02-07,16.846
2018-02-14,16.707
2018-02-21,16.946
2018-02-28,17.074
2018-03-07,16.843
2018-03-14,17.105
2018-03-21,16.932
2018-03-29,16.531
2018-04-04,16.479
2018-04-11,16.791
2018-04-18,17.006
2018-04-26,16.848
2018-04-30,16.992
2018-05-09,17.06
2018-05-16,17.231
2018-05-23,17.255
2018-05-31,17.034
2018-06-06,17.257
2018-06-13,17.357
2018-06-20,17.232
2018-06-27,16.972
2018-06-29,16.997
2018-07-04,16.978
2018-07-11,17.164
2018-07-18,17.307
2018-07-25,17.345
2018-07-31,17.323
2018-08-08,17.491
2018-08-16,17.26
2018-08-22,17.417
2018-08-31,17.513
2018-09-05,17.43
2018-09-12,17.354
2018-09-19,17.461
2018-09-28,17.536
2018-10-03,17.532
2018-10-10,17.269
2018-10-17,16.988
2018-10-24,16.649
2018-10-31,16.563
2018-11-07,16.86
2018-11-14,16.644
2018-11-21,16.256
2018-11-30,16.587
2018-12-05,16.718
2018-12-12,16.173
2018-12-19,15.822
2018-12-27,15.452
2018-12-31,15.635
2019-01-02,15.583
2019-01-09,15.99
2019-01-16,16.1
2019-01-23,16.209
2019-01-31,16.401
2019-02-06,16.601
2019-02-13,16.62
2019-02-20,16.78
2019-02-28,16.786
2019-03-06,16.791
2019-03-13,16.76
2019-03-20,16.961
2019-03-29,16.849
2019-04-03,17.096
2019-04-10,17.126
2019-04-17,17.209
2019-04-24,17.292
2019-04-30,17.337
2019-05-08,17.068
2019-05-15,16.813
2019-05-22,16.97
2019-05-31,16.577
2019-06-05,16.71
2019-06-12,17.012
2019-06-19,17.161
2019-06-28,17.159
2019-07-03,17.359
2019-07-10,17.336
2019-07-17,17.419
2019-07-24,17.411
2019-07-31,17.365
2019-08-07,16.805
2019-08-14,16.865
2019-08-21,16.85
2019-08-30,16.943
2019-09-04,16.972
2019-09-11,17.216
2019-09-18,17.307
2019-09-25,17.168
2019-09-30,17.188
2019-10-09,16.877
2019-10-16,17.295
2019-10-23,17.298
2019-10-31,17.508
2019-11-06,17.652
2019-11-13,17.723
2019-11-20,17.77
2019-11-29,17.915
2019-12-04,17.687
2019-12-11,17.811
2019-12-18,18.08
2019-12-27,18.227
2019-12-31,18.195
2020-01-08,18.167
2020-01-15,18.353
2020-01-22,18.504
2020-01-31,18.265
2020-02-05,18.455
2020-02-12,18.634
2020-02-19,18.666
2020-02-28,16.841
2020-03-04,17.245
2020-03-11,16.277
2020-03-18,14.537
2020-03-25,14.954
2020-03-31,15.481
2020-04-08,15.578
2020-04-15,16.1
2020-04-22,15.89
2020-04-30,16.644
2020-05-06,16.354
2020-05-13,16.38
2020-05-20,16.623
2020-05-29,17.003
2020-06-03,17.315
2020-06-10,17.635
2020-06-17,17.445
2020-06-24,17.317
2020-06-30,17.108
2020-07-08,17.422
2020-07-15,17.665
2020-07-22,17.787
2020-07-31,17.66
2020-08-05,17.815
2020-08-12,18.011
2020-08-19,18.092
2020-08-26,18.262
2020-08-31,18.381
2020-09-09,17.879
2020-09-16,18.156
2020-09-23,17.823
2020-09-30,17.854
2020-10-07,18.014
2020-10-14,18.44
2020-10-21,18.146
2020-10-30,17.477
2020-11-04,17.956
2020-11-11,18.545
2020-11-18,18.746
2020-11-25,18.872
2020-11-30,18.907
2020-12-09,19.136
2020-12-16,19.114
2020-12-23,19.101
2020-12-31,19.26
2021-01-07,19.433
2021-01-13,19.625
2021-01-20,19.66
2021-01-29,19.406
2021-02-03,19.676
2021-02-10,19.967
2021-02-17,20.117
2021-02-26,19.731
2021-03-03,20.012
2021-03-10,19.992
2021-03-17,20.322
2021-03-24,20.119
2021-03-31,20.374
2021-04-07,20.733
2021-04-14,20.902
2021-04-21,20.825
2021-04-22,20.97
2021-04-30,21.047
2021-05-05,20.936
2021-05-12,20.889
2021-05-19,20.773
2021-05-26,21.066
2021-05-31,21.188
2021-06-09,21.255
2021-06-16,21.322
2021-06-23,21.197
2021-06-30,21.386
2021-07-07,21.543
2021-07-14,21.641
2021-07-21,21.478
2021-07-28,21.641
2021-07-30,21.622
2021-08-04,21.778
2021-08-11,21.875
2021-08-18,21.865
2021-08-25,21.94
2021-08-31,22.091
2021-09-08,22.08
2021-09-15,21.893
2021-09-22,21.637
2021-09-30,21.67
2021-10-06,21.294
2021-10-13,21.554
2021-10-20,22.097
2021-10-29,22.23
2021-11-03,22.493
2021-11-10,22.664
2021-11-17,22.793
2021-11-24,22.7
2021-11-30,22.304
2021-12-09,22.695
2021-12-15,22.472
2021-12-22,22.495
2021-12-31,22.992
2022-01-05,23.032
2022-01-12,22.775
2022-01-19,22.346
2022-01-26,21.772
2022-01-31,21.825
2022-02-09,22.242
2022-02-16,22.005
2022-02-23,21.566
2022-02-28,21.354
2022-03-09,20.934
2022-03-16,21.288
2022-03-23,21.976
2022-03-31,22.18
2022-04-06,21.902
2022-04-13,21.629
2022-04-20,21.714
2022-04-29,21.188
2022-05-04,20.979
2022-05-11,20.458
2022-05-18,20.726
2022-05-25,20.29
2022-05-31,20.95
2022-06-08,20.939
2022-06-15,19.67
2022-06-22,19.397
2022-06-30,19.622
2022-07-06,19.692
2022-07-13,19.731
2022-07-20,20.156
2022-07-29,20.662
2022-08-03,20.578
2022-08-10,20.665
2022-08-17,21.185
2022-08-24,20.648
2022-08-31,20.183
2022-09-07,19.882
2022-09-14,20.063
2022-09-21,19.665
2022-09-30,18.972
2022-10-05,19.378
2022-10-12,18.84
2022-10-19,19.344
2022-10-26,19.52
2022-10-31,19.773
2022-11-09,19.674
2022-11-16,20.149
2022-11-23,20.235
2022-11-30,20.134
2022-12-07,20.04
2022-12-14,20.276
2022-12-21,19.683
2022-12-31,19.617
2023-01-04,19.639
2023-01-11,19.966
2023-01-18,20.228
2023-01-25,20.242
2023-01-31,20.319
2023-02-08,20.761
2023-02-15,20.709
2023-02-22,20.34
2023-02-28,20.332
2023-03-08,20.357
2023-03-15,20.002
2023-03-22,20.261
2023-03-31,20.462
2023-04-05,20.577
2023-04-12,20.651
2023-04-19,20.79
2023-04-28,20.656
2023-05-03,20.657
2023-05-10,20.64
2023-05-17,20.667
2023-05-24,20.777
2023-05-31,20.924
2023-06-07,21.19
2023-06-14,21.496
2023-06-21,21.471
2023-06-30,21.488
2023-07-05,21.643
2023-07-12,21.504
2023-07-19,21.926
2023-07-26,21.912
2023-07-31,22.014
2023-08-09,21.72
2023-08-16,21.49
2023-08-23,21.407
2023-08-31,21.738
2023-09-06,21.694
2023-09-13,21.592
2023-09-20,21.602
2023-09-29,21.294
2023-10-04,20.894
2023-10-11,21.366
2023-10-18,21.363
2023-10-25,20.93
2023-10-31,20.674
2023-11-08,21.32
2023-11-15,21.784
2023-11-22,21.868
2023-11-30,21.916
2023-12-06,22.021
2023-12-13,22.258
2023-12-20,22.572
2023-12-31,22.609
2024-01-03,22.48
2024-01-10,22.617
2024-01-17,22.7
2024-01-24,23.014
2024-01-31,23.2
2024-02-07,23.346
2024-02-14,23.402
2024-02-21,23.503
2024-02-29,23.834
2024-03-06,23.936
2024-03-13,24.2
2024-03-20,24.305
2024-03-28,24.612
2024-04-03,24.454
2024-04-10,24.477
2024-04-17,23.982
2024-04-24,24.189
2024-04-30,24.273
2024-05-08,24.536
2024-05-15,24.758
2024-05-22,24.97
2024-05-31,24.758
2024-06-05,24.839
2024-06-12,25.054
2024-06-19,25.275
2024-06-28,25.331
2024-07-03,25.418
2024-07-10,25.551
2024-07-17,25.758
2024-07-24,25.418
2024-07-31,25.398
2024-08-07,24.465
2024-08-14,24.986
2024-08-21,25.484
2024-08-30,25.614
2024-09-04,25.324
2024-09-11,25.057
2024-09-18,25.522
2024-09-25,25.836
2024-09-30,25.826
2024-10-09,25.878
2024-10-16,26.095
2024-10-23,26.108
2024-10-31,25.924
2024-11-06,26.266
2024-11-13,26.556
2024-11-20,26.412
2024-11-29,26.648
2024-12-04,26.856
2024-12-11,26.791
2024-12-18,26.791
2024-12-27,26.773
2024-12-31,26.605
2025-01-08,26.573
2025-01-15,26.376
2025-01-22,27.002
2025-01-31,27.128
2025-02-05,27.024
2025-02-12,27.159
2025-02-19,27.296
2025-02-28,26.51
2025-03-05,26.489
2025-03-12,25.748
2025-03-19,25.935
2025-03-26,26.418
2025-03-31,25.665
2025-04-09,23.866
2025-04-16,25.14
2025-04-23,25.148
2025-04-30,25.778
2025-05-07,26.017
2025-05-14,26.786
2025-05-21,27.053
2025-05-30,26.987
2025-06-04,27.145
2025-06-11,27.289
2025-06-18,27.105
2025-06-25,27.372
2025-06-30,27.583
2025-07-09,27.687
2025-07-16,27.683
2025-07-23,28.025
2025-07-31,28.1
2025-08-06,27.995
2025-08-13,28.581
